-- =============================================================
-- Phase 1 | DSpace 7 | PostgreSQL
-- HED Odisha — Section / Institution lookup tables
-- Run this as your DSpace DB user
-- =============================================================

-- -------------------------------------------------------------
-- 1. BRANCH table  (the 4 top-level options)
-- -------------------------------------------------------------
CREATE TABLE IF NOT EXISTS hed_branch (
    id          SERIAL PRIMARY KEY,
    code        VARCHAR(20)  NOT NULL UNIQUE,   -- 'admin', 'field', 'college', 'univ'
    label       VARCHAR(100) NOT NULL,
    display_order INT        NOT NULL DEFAULT 0,
    active      BOOLEAN      NOT NULL DEFAULT true
);

INSERT INTO hed_branch (code, label, display_order) VALUES
    ('admin',   'Administrative Establishment', 1),
    ('field',   'Field Establishment',          2),
    ('college', 'College',                      3),
    ('univ',    'University',                   4);


-- -------------------------------------------------------------
-- 2. SECTION_TYPE table  (sub-options for each branch)
--    Replaces the massive <value-pairs> block in input-forms.xml
-- -------------------------------------------------------------
CREATE TABLE IF NOT EXISTS hed_section_type (
    id            SERIAL PRIMARY KEY,
    branch_code   VARCHAR(20)  NOT NULL REFERENCES hed_branch(code),
    code          VARCHAR(30)  NOT NULL UNIQUE,
    label         VARCHAR(200) NOT NULL,
    group_name    VARCHAR(100),              -- e.g. 'Offices', 'Finance', 'Cells & Sections'
    has_children  BOOLEAN      NOT NULL DEFAULT false,  -- true = triggers step 3 (RDE regions)
    display_order INT          NOT NULL DEFAULT 0,
    active        BOOLEAN      NOT NULL DEFAULT true
);

-- Administrative Establishment sub-types
INSERT INTO hed_section_type (branch_code, code, label, group_name, display_order) VALUES
    ('admin', 'OM',     'Office of Minister',                  'Offices', 1),
    ('admin', 'OS',     'Office of Secretary',                 'Offices', 2),
    ('admin', 'OSS',    'Office of Special Secretary',         'Offices', 3),
    ('admin', 'OAS',    'Office of Additional Secretary',      'Offices', 4),
    ('admin', 'ACC1',   'Accounts-I',                          'Finance', 5),
    ('admin', 'ACC2',   'Accounts-II',                         'Finance', 6),
    ('admin', 'AUD',    'Audit',                               'Finance', 7),
    ('admin', 'BF',     'Budget & Finance',                    'Finance', 8),
    ('admin', 'LEGAL',  'Legal',                               'Cells & Sections', 9),
    ('admin', 'RTI',    'RTI',                                 'Cells & Sections', 10),
    ('admin', 'CPR',    'Communication & PR',                  'Cells & Sections', 11),
    ('admin', 'IT',     'IT & ET',                             'Cells & Sections', 12),
    ('admin', 'NEP',    'NEP Cell',                            'Cells & Sections', 13),
    ('admin', 'NSS',    'NSS',                                 'Cells & Sections', 14),
    ('admin', 'NCC',    'NCC',                                 'Cells & Sections', 15),
    ('admin', 'SCH',    'Scholarship & Loan',                  'Cells & Sections', 16),
    ('admin', 'TET',    'Teacher Education & Training',        'Cells & Sections', 17),
    ('admin', 'ENG',    'Engineering Cell',                    'Cells & Sections', 18),
    ('admin', 'DRY',    'Diary',                               'Cells & Sections', 19),
    ('admin', 'EIC',    'Edu-Invest Cell',                     'Cells & Sections', 20),
    ('admin', 'PTC',    'Performance Tracking Cell',           'Cells & Sections', 21),
    ('admin', 'PR',     'Permission & Recognition',            'Cells & Sections', 22),
    ('admin', 'SCHEME', 'Scheme',                              'Cells & Sections', 23),
    ('admin', 'OTHERS', 'Others',                              'Cells & Sections', 24);

-- Field Establishment sub-types
INSERT INTO hed_section_type (branch_code, code, label, group_name, has_children, display_order) VALUES
    ('field', 'SET',     'State Education Tribunal (SET)',  'State Bodies', false, 1),
    ('field', 'SSB',     'State Selection Board (SSB)',     'State Bodies', false, 2),
    ('field', 'OSHEC',   'OSHEC',                           'State Bodies', false, 3),
    ('field', 'AGACPS',  'AGACPS',                          'State Bodies', false, 4),
    ('field', 'RDE_BBS', 'RDE – Bhubaneswar',               'Regional Directors of Education', true, 5),
    ('field', 'RDE_BER', 'RDE – Berhampur',                 'Regional Directors of Education', true, 6),
    ('field', 'RDE_SBP', 'RDE – Sambalpur',                 'Regional Directors of Education', true, 7),
    ('field', 'RDE_BAL', 'RDE – Balasore',                  'Regional Directors of Education', true, 8),
    ('field', 'RDE_JEY', 'RDE – Jeypore',                   'Regional Directors of Education', true, 9);

-- College sub-types
INSERT INTO hed_section_type (branch_code, code, label, group_name, display_order) VALUES
    ('college', 'GC',      'Government College',             'By Management', 1),
    ('college', 'NGC_488', 'GIA',  'By Management', 2),
    ('college', 'NGC_662', 'Block Grant',  'By Management', 3),
    ('college', 'SC',      'Sanskrit College',               'By Management', 4),
    ('college', 'PVT',     'Private / Un-Aided College',     'By Management', 5);

    -- ('college', 'GIA',     'GIA Order',                      'Grant Order',   6),
    -- ('college', 'BLOCK',   'Block Grant Order',              'Grant Order',   7);

-- University sub-types
INSERT INTO hed_section_type (branch_code, code, label, group_name, display_order) VALUES
    ('univ', 'SPU', 'State Public University', 'Type', 1),
    ('univ', 'PU',  'Private University',      'Type', 2),
    ('univ', 'CU',  'Central University',      'Type', 3);


-- -------------------------------------------------------------
-- 3. DISTRICT table
-- -------------------------------------------------------------
CREATE TABLE IF NOT EXISTS hed_district (
    id   SERIAL PRIMARY KEY,
    code VARCHAR(20)  NOT NULL UNIQUE,
    name VARCHAR(100) NOT NULL,
    display_order INT NOT NULL DEFAULT 0
);

INSERT INTO hed_district (code, name, display_order) VALUES
    ('ANGUL', 'Angul',      1),
('BALANGIR', 'Balangir',   2),
('BALASORE', 'Balasore',   3),
('BARGARH', 'Bargarh',    4),
('BHADRAK', 'Bhadrak',    5),
('BOUDH', 'Boudh',      6),
('CUTTACK', 'Cuttack',    7),
('DEOGARH', 'Deogarh',    8),
('DHENKANAL','Dhenkanal',  9),
('GAJAPATI', 'Gajapati',   10),
('GANJAM', 'Ganjam',     11),
('JAGATSINGHPUR', 'Jagatsinghpur', 12),
('JAJPUR', 'Jajpur',     13),
('JHARSUGUDA', 'Jharsuguda', 14),
('KALAHANDI', 'Kalahandi',  15),
('KANDHAMAL', 'Kandhamal',  16),
('KENDRAPARA', 'Kendrapara', 17),
('KEONJHAR', 'Keonjhar',   18),
('KHURDA', 'Khurda',     19),
('KORAPUT', 'Koraput',    20),
('MALKANGIRI', 'Malkangiri', 21),
('MAYURBHANJ', 'Mayurbhanj', 22),
('NABARANGPUR', 'Nabarangpur',23),
('NAYAGARH', 'Nayagarh',   24),
('NUAPADA', 'Nuapada',    25),
('PURI', 'Puri',       26),
('RAYAGADA', 'Rayagada',   27),
('SAMBALPUR', 'Sambalpur',  28),
('SUBARNAPUR', 'Subarnapur', 29),
('SUNDARGARH', 'Sundargarh', 30);


-- -------------------------------------------------------------
-- 4. INSTITUTION_LOOKUP table
--    Holds all 600+ colleges and universities (Annexure B–H)
-- -------------------------------------------------------------
CREATE TABLE IF NOT EXISTS hed_institution (
    id            SERIAL PRIMARY KEY,
    annexure      VARCHAR(5)   NOT NULL,         -- 'B','C','D','E','F','G','H'
    branch_code   VARCHAR(20)  NOT NULL REFERENCES hed_branch(code),
    sub_type_code VARCHAR(30)  NOT NULL REFERENCES hed_section_type(code),
    district_code VARCHAR(20)  REFERENCES hed_district(code),
    name          TEXT         NOT NULL,
    short_name    VARCHAR(200),
    code          VARCHAR(30)  NOT NULL UNIQUE, 
    estd_year     INT,
    active        BOOLEAN      NOT NULL DEFAULT true,
    created_at    TIMESTAMPTZ  NOT NULL DEFAULT NOW(),
    updated_at    TIMESTAMPTZ  NOT NULL DEFAULT NOW()
);

-- Enable trigram extension
CREATE EXTENSION IF NOT EXISTS pg_trgm;

-- Then your tables / indexes
CREATE INDEX idx_name_trgm
ON hed_institution
USING gin (name gin_trgm_ops);

-- Indexes for fast autocomplete queries
CREATE INDEX idx_hed_institution_branch    ON hed_institution(branch_code);
CREATE INDEX idx_hed_institution_subtype   ON hed_institution(sub_type_code);
CREATE INDEX idx_hed_institution_district  ON hed_institution(district_code);
CREATE INDEX idx_hed_institution_annexure  ON hed_institution(annexure);
CREATE INDEX idx_hed_institution_name_trgm ON hed_institution USING gin (name gin_trgm_ops);
-- ^ trigram index enables fast ILIKE '%search%' queries for autocomplete

-- -------------------------------------------------------------
-- 6. Updated_at auto-trigger
-- -------------------------------------------------------------
CREATE OR REPLACE FUNCTION update_timestamp()
RETURNS TRIGGER AS $$
BEGIN
    NEW.updated_at = NOW();
    RETURN NEW;
END;
$$ LANGUAGE plpgsql;

CREATE TRIGGER trg_hed_institution_updated_at
    BEFORE UPDATE ON hed_institution
    FOR EACH ROW EXECUTE FUNCTION update_timestamp();


-- =====================================================================
-- ANNEXURE B: GOVERNMENT COLLEGES (66 records)
-- =====================================================================
INSERT INTO hed_institution (annexure, branch_code, sub_type_code, district_code, name, code) VALUES

    ('B', 'college', 'GC', 'ANGUL', 'Government (Autonomous) College, Angul', 'GC_GOV_0000'),
    ('B', 'college', 'GC', 'CUTTACK', 'Shailabala Women''s (Autonomous) College, Cuttack', 'GC_SHA_0001'),
    ('B', 'college', 'GC', 'CUTTACK', 'Jatiya Kabi Bira Kishore Government (Degree) College, Cuttack', 'GC_JAT_0002'),
    ('B', 'college', 'GC', 'DHENKANAL', 'Dhenkanal Mahila Mahavidyalaya, Dhenkanal', 'GC_DHE_0003'),
    ('B', 'college', 'GC', 'DHENKANAL', 'Dhenkanal (Autonomous) College, Dhenkanal', 'GC_DHE_0004'),
    ('B', 'college', 'GC', 'JAJPUR', 'Narasingh Choudhury (Autonomous) College, Jajpur', 'GC_NAR_0005'),
    ('B', 'college', 'GC', 'KHURDA', 'Rajdhani (Degree) College, Bhubaneswar', 'GC_RAJ_0006'),
    ('B', 'college', 'GC', 'KHURDA', 'Buxi Jagabandhu Bidyadhar (Autonomous) College, Bhubaneswar', 'GC_BUX_0007'),
    ('B', 'college', 'GC', 'NAYAGARH', 'Model Degree College, Nayagarh', 'GC_MOD_0008'),
    ('B', 'college', 'GC', 'PURI', 'Government Women''s (Degree) College, Puri', 'GC_GOV_0009'),
    ('B', 'college', 'GC', 'PURI', 'Samanta Chandra Sekhar (Autonomous) College, Puri', 'GC_SAM_0010'),
    ('B', 'college', 'GC', 'BALASORE', 'Kuntala Kumari Sabat Women''s (Degree) College, Balasore', 'GC_KUN_0011'),
    ('B', 'college', 'GC', 'BALASORE', 'Fakir Mohan (Autonomous) College, Balasore', 'GC_FAK_0012'),
    ('B', 'college', 'GC', 'BHADRAK', 'Bhadrak (Autonomous) College, Bhadrak', 'GC_BHA_0013'),
    ('B', 'college', 'GC', 'KEONJHAR', 'B.N. Sanskrit (Degree) College', 'GC_BNS_0014'),
    ('B', 'college', 'GC', 'KEONJHAR', 'Government Women''s (Degree) College, Keonjhar', 'GC_GOV_0015'),
    ('B', 'college', 'GC', 'MAYURBHANJ', 'Government Women''s (Degree) College, Baripada', 'GC_GOV_0016'),
    ('B', 'college', 'GC', 'MAYURBHANJ', 'Government Sanskrit (Degree) College', 'GC_GOV_0017'),
    ('B', 'college', 'GC', 'MAYURBHANJ', 'Maharaja Purna Chandra (Autonomous) College, Takatpur', 'GC_MAH_0018'),
    ('B', 'college', 'GC', 'MAYURBHANJ', 'Government Degree College, Tiring', 'GC_GOV_0019'),
    ('B', 'college', 'GC', 'BOUDH', 'Model Degree College, Boudh', 'GC_MOD_0020'),
    ('B', 'college', 'GC', 'GAJAPATI', 'Government Degree College, Gumma', 'GC_GOV_0021'),
    ('B', 'college', 'GC', 'GAJAPATI', 'Sri Krushna Chandra Gajapati (Autonomous) College, Paralakhemundi', 'GC_SRI_0022'),
    ('B', 'college', 'GC', 'GANJAM', 'Niranjan Government (Degree) Women''s College, Aska', 'GC_NIR_0023'),
    ('B', 'college', 'GC', 'GANJAM', 'Binayak Acharya (Degree) College, Aska Road', 'GC_BIN_0024'),
    ('B', 'college', 'GC', 'GANJAM', 'Sashi Bhusan Rath Government (Autonomous) Women''s College, Berhampur', 'GC_SAS_0025'),
    ('B', 'college', 'GC', 'GANJAM', 'Government Science (Degree) College, Chhatrapur', 'GC_GOV_0026'),
    ('B', 'college', 'GC', 'GANJAM', 'Government Degree College, Dharakote', 'GC_GOV_0027'),
    ('B', 'college', 'GC', 'KANDHAMAL', 'Government Degree College, Khajuripada', 'GC_GOV_0028'),
    ('B', 'college', 'GC', 'KANDHAMAL', 'Sanjaya Memorial Government Women''s (Degree) College, Phulbani', 'GC_SAN_0029'),
    ('B', 'college', 'GC', 'KANDHAMAL', 'Government (Autonomous) College, Phulbani', 'GC_GOV_0030'),
    ('B', 'college', 'GC', 'BARGARH', 'Panchayat (Degree) College, Bargarh', 'GC_PAN_0031'),
    ('B', 'college', 'GC', 'BALANGIR', 'Government (Degree) College, Bolangir', 'GC_GOV_0032'),
    ('B', 'college', 'GC', 'BALANGIR', 'Government Women''s (Degree) College, Bolangir', 'GC_GOV_0033'),
    ('B', 'college', 'GC', 'BALANGIR', 'Bidyabhusan Sanskrit (Degree) College', 'GC_BID_0034'),
    ('B', 'college', 'GC', 'BALANGIR', 'Government Women''s Degree College, Titilagarh', 'GC_GOV_0035'),
    ('B', 'college', 'GC', 'DEOGARH', 'Model Degree College, Deogarh', 'GC_MOD_0036'),
    ('B', 'college', 'GC', 'KALAHANDI', 'Government Women''s (Degree) College, Bhawanipatna', 'GC_GOV_0037'),
    ('B', 'college', 'GC', 'KALAHANDI', 'Government Degree College, Thuamul Rampur', 'GC_GOV_0038'),
    ('B', 'college', 'GC', 'NUAPADA', 'Model Degree College, Nuapada', 'GC_MOD_0039'),
    ('B', 'college', 'GC', 'SAMBALPUR', 'Netaji Subash Chandra Bose (Degree) College, Sambalpur', 'GC_NET_0040'),
    ('B', 'college', 'GC', 'SAMBALPUR', 'Government Women''s (Degree) College, Sambalpur', 'GC_GOV_0041'),
    ('B', 'college', 'GC', 'SUBARNAPUR', 'Model Degree College, Sonepur', 'GC_MOD_0042'),
    ('B', 'college', 'GC', 'SUNDARGARH', 'Government Degree College, Gurundia', 'GC_GOV_0043'),
    ('B', 'college', 'GC', 'SUNDARGARH', 'Government Degree College, Kuarmunda', 'GC_GOV_0044'),
    ('B', 'college', 'GC', 'SUNDARGARH', 'Government Degree College, Nuagaon', 'GC_GOV_0045'),
    ('B', 'college', 'GC', 'SUNDARGARH', 'Rourkela College, Rourkela', 'GC_ROU_0046'),
    ('B', 'college', 'GC', 'SUNDARGARH', 'Sushilabati Government Women''s (Degree) College, Rourkela', 'GC_SUS_0047'),
    ('B', 'college', 'GC', 'SUNDARGARH', 'Government (Autonomous) College, Rourkela', 'GC_GOV_0048'),
    ('B', 'college', 'GC', 'SUNDARGARH', 'Government (Degree) College, Sundergarh', 'GC_GOV_0049'),
    ('B', 'college', 'GC', 'SUNDARGARH', 'Government Women''s (Degree) College, Sundergarh', 'GC_GOV_0050'),
    ('B', 'college', 'GC', 'KORAPUT', 'Government Degree College, Bandhugaon', 'GC_GOV_0051'),
    ('B', 'college', 'GC', 'KORAPUT', 'Government Women''s (Degree) College, Jeypore', 'GC_GOV_0052'),
    ('B', 'college', 'GC', 'KORAPUT', 'Government (Degree) College, Koraput', 'GC_GOV_0053'),
    ('B', 'college', 'GC', 'KORAPUT', 'Government Degree College, Narayanpatna', 'GC_GOV_0054'),
    ('B', 'college', 'GC', 'MALKANGIRI', 'Government Degree College, Chitrakonda', 'GC_GOV_0055'),
    ('B', 'college', 'GC', 'MALKANGIRI', 'Model Degree College, Malkangiri', 'GC_MOD_0056'),
    ('B', 'college', 'GC', 'NABARANGPUR', 'Government Degree College, Jharigam', 'GC_GOV_0057'),
    ('B', 'college', 'GC', 'NABARANGPUR', 'Government Degree College, Kosagumuda', 'GC_GOV_0058'),
    ('B', 'college', 'GC', 'NABARANGPUR', 'Model Degree College, Nawarangpur', 'GC_MOD_0059'),
    ('B', 'college', 'GC', 'NABARANGPUR', 'Government Degree College, Raighar', 'GC_GOV_0060'),
    ('B', 'college', 'GC', 'NABARANGPUR', 'Government Degree College, Tentulikhunti', 'GC_GOV_0061'),
    ('B', 'college', 'GC', 'RAYAGADA', 'Government Degree College, Chandrapur', 'GC_GOV_0062'),
    ('B', 'college', 'GC', 'RAYAGADA', 'Government Degree College, Kasipur', 'GC_GOV_0063'),
    ('B', 'college', 'GC', 'RAYAGADA', 'Government Degree College, Ramanaguda', 'GC_GOV_0064'),
    ('B', 'college', 'GC', 'RAYAGADA', 'Model Degree College, Rayagada', 'GC_MOD_0065');


-- =====================================================================
-- ANNEXURE C: GIA (488) CATEGORY NON-GOVT AIDED COLLEGES (305 records)
-- =====================================================================
INSERT INTO hed_institution (annexure, branch_code, sub_type_code, district_code, name, code) VALUES

    ('C', 'college', 'NGC_488', 'ANGUL', 'Jadunath Sanskrit (Degree) College', 'NGC488_JAD_0000'),
    ('C', 'college', 'NGC_488', 'ANGUL', 'Angul Mahila (Degree) Mahavidyalaya, Angul', 'NGC488_ANG_0001'),
    ('C', 'college', 'NGC_488', 'ANGUL', 'Athamallik (Degree) College, Athmallik', 'NGC488_ATH_0002'),
    ('C', 'college', 'NGC_488', 'ANGUL', 'Bapuji (Degree) College, Chhendipada', 'NGC488_BAP_0003'),
    ('C', 'college', 'NGC_488', 'ANGUL', 'Janata (Degree) College, Boinda', 'NGC488_JAN_0004'),
    ('C', 'college', 'NGC_488', 'ANGUL', 'Utkalmani Gopabandhu (Degree) Mahavidyalaya, Khamar', 'NGC488_UTK_0005'),
    ('C', 'college', 'NGC_488', 'ANGUL', 'Malyagiri (Degree) Mahavidyalaya, Pallahara', 'NGC488_MAL_0006'),
    ('C', 'college', 'NGC_488', 'ANGUL', 'Talcher (Autonomous) College, Talcher', 'NGC488_TAL_0007'),
    ('C', 'college', 'NGC_488', 'CUTTACK', 'Choudwar (Degree) College, Choudwar', 'NGC488_CHO_0008'),
    ('C', 'college', 'NGC_488', 'CUTTACK', 'Gopabandhu Science (Degree) College, Athagarh', 'NGC488_GOP_0009'),
    ('C', 'college', 'NGC_488', 'CUTTACK', 'Sri Sri Dhabaleswar (Degree) College of Science & Technology, Bali', 'NGC488_SRI_0010'),
    ('C', 'college', 'NGC_488', 'CUTTACK', 'Sri Sri Dhabaleswar (Degree) College, Gurudijhatia', 'NGC488_SRI_0011'),
    ('C', 'college', 'NGC_488', 'CUTTACK', 'Banki (Autonomous) College, Banki', 'NGC488_BAN_0012'),
    ('C', 'college', 'NGC_488', 'CUTTACK', 'Mohan Subudhi (Degree) College, Baramba', 'NGC488_MOH_0013'),
    ('C', 'college', 'NGC_488', 'CUTTACK', 'Brahmanajharilo (Degree) Mahavidyalaya, Brahmanajharilo', 'NGC488_BRA_0014'),
    ('C', 'college', 'NGC_488', 'CUTTACK', 'Christ (Degree) College, Cuttack', 'NGC488_CHR_0015'),
    ('C', 'college', 'NGC_488', 'CUTTACK', 'Stewart Science (Degree) College, Cuttack', 'NGC488_STE_0016'),
    ('C', 'college', 'NGC_488', 'CUTTACK', 'Netaji Subash Memorial City (Degree) College, Cuttack', 'NGC488_NET_0017'),
    ('C', 'college', 'NGC_488', 'CUTTACK', 'Indira Gandhi Womens (Degree) College, Shelter Chhaka', 'NGC488_IND_0018'),
    ('C', 'college', 'NGC_488', 'CUTTACK', 'Emarti Devi Womens (Degree) College, Nayasarak', 'NGC488_EMA_0019'),
    ('C', 'college', 'NGC_488', 'CUTTACK', 'Biren Mitra Memorial Women''s (Degree) College, Cuttack', 'NGC488_BIR_0020'),
    ('C', 'college', 'NGC_488', 'CUTTACK', 'Cuttack (Degree) College, Nayabazar', 'NGC488_CUT_0021'),
    ('C', 'college', 'NGC_488', 'CUTTACK', 'Kishore Nagar Degree College, Cuttack Sadar, Kishore Nagar', 'NGC488_KIS_0022'),
    ('C', 'college', 'NGC_488', 'CUTTACK', 'Kandarpur (Degree) College, Kandarpur', 'NGC488_KAN_0023'),
    ('C', 'college', 'NGC_488', 'CUTTACK', 'Jawaharlal Nehru (Degree) College, Kuanpal', 'NGC488_JAW_0024'),
    ('C', 'college', 'NGC_488', 'CUTTACK', 'Mahanga Puspagiri (Degree) Mahavidyalaya, Erkana', 'NGC488_MAH_0025'),
    ('C', 'college', 'NGC_488', 'CUTTACK', 'Mahanga Womens (Degree) College, Pallisahi', 'NGC488_MAH_0026'),
    ('C', 'college', 'NGC_488', 'CUTTACK', 'Narasinghpur (Degree) College, Narasinghpur', 'NGC488_NAR_0027'),
    ('C', 'college', 'NGC_488', 'CUTTACK', 'Kanpur Anchalika (Degree) Mahavidyalaya, Kanpur', 'NGC488_KAN_0028'),
    ('C', 'college', 'NGC_488', 'CUTTACK', 'Niali (Degree) College, Niali', 'NGC488_NIA_0029'),
    ('C', 'college', 'NGC_488', 'CUTTACK', 'Devi Kandal Nityananda (Degree) College, Eranch', 'NGC488_DEV_0030'),
    ('C', 'college', 'NGC_488', 'CUTTACK', 'Dola Govinda Braja Kishore (Degree) College, Kasarda', 'NGC488_DOL_0031'),
    ('C', 'college', 'NGC_488', 'CUTTACK', 'Mahapurusa Achyutananda (Degree) Mahavidyalaya, Nemala', 'NGC488_MAH_0032'),
    ('C', 'college', 'NGC_488', 'CUTTACK', 'Panchayat Prahalad (Degree) College, Nischintakoili', 'NGC488_PAN_0033'),
    ('C', 'college', 'NGC_488', 'CUTTACK', 'Subhadra Mahatab (Degree) College, Asureswar', 'NGC488_SUB_0034'),
    ('C', 'college', 'NGC_488', 'CUTTACK', 'Salepur (Autonomous) College, Salepur', 'NGC488_SAL_0035'),
    ('C', 'college', 'NGC_488', 'CUTTACK', 'Lakshmi Narayan Sahu (Degree) Mahavidyalaya, Jagatpur', 'NGC488_LAK_0036'),
    ('C', 'college', 'NGC_488', 'CUTTACK', 'Prasana Purusotam Dev (Degree) Mahavidyalaya, Tigiria', 'NGC488_PRA_0037'),
    ('C', 'college', 'NGC_488', 'DHENKANAL', 'Mathkargola (Degree) College, Mathkorgola', 'NGC488_MAT_0038'),
    ('C', 'college', 'NGC_488', 'DHENKANAL', 'Jiral (Degree) College, Jiral', 'NGC488_JIR_0039'),
    ('C', 'college', 'NGC_488', 'DHENKANAL', 'Baji Rout Memorial (Degree) College, Bhuban', 'NGC488_BAJ_0040'),
    ('C', 'college', 'NGC_488', 'DHENKANAL', 'Mahima (Degree) Mahavidyalaya, Joranda', 'NGC488_MAH_0041'),
    ('C', 'college', 'NGC_488', 'DHENKANAL', 'Hindol (Degree) College, Khajuriakota', 'NGC488_HIN_0042'),
    ('C', 'college', 'NGC_488', 'DHENKANAL', 'Janata (Degree) College, Satamile', 'NGC488_JAN_0043'),
    ('C', 'college', 'NGC_488', 'DHENKANAL', 'Kamakshyanagar (Degree) College, Kamakshyanagar', 'NGC488_KAM_0044'),
    ('C', 'college', 'NGC_488', 'DHENKANAL', 'Odapada Panchayat Samiti (Degree) Mahavidyalaya, Hindol Road', 'NGC488_ODA_0045'),
    ('C', 'college', 'NGC_488', 'DHENKANAL', 'Parjang (Degree) Mahavidyalaya, Parjang', 'NGC488_PAR_0046'),
    ('C', 'college', 'NGC_488', 'JAGATSINGHPUR', 'Balikuda (Degree) College, Balikuda', 'NGC488_BAL_0047'),
    ('C', 'college', 'NGC_488', 'JAGATSINGHPUR', 'Alaka (Degree) Mahavidyalaya, Anantabata', 'NGC488_ALA_0048'),
    ('C', 'college', 'NGC_488', 'JAGATSINGHPUR', 'Sri Sri Jagannath (Degree) Mahavidyalaya, Krushnachandrapur', 'NGC488_SRI_0049'),
    ('C', 'college', 'NGC_488', 'JAGATSINGHPUR', 'Ananta Sanskrit (Degree) College', 'NGC488_ANA_0050'),
    ('C', 'college', 'NGC_488', 'JAGATSINGHPUR', 'Swami Vivekananda Memorial (Autonomous) College, Jagatsinghpur', 'NGC488_SWA_0051'),
    ('C', 'college', 'NGC_488', 'JAGATSINGHPUR', 'Kujanga (Degree) College, Kujanga', 'NGC488_KUJ_0052'),
    ('C', 'college', 'NGC_488', 'JAGATSINGHPUR', 'Sarala (Degree) Mahavidyalaya, Rahama', 'NGC488_SAR_0053'),
    ('C', 'college', 'NGC_488', 'JAGATSINGHPUR', 'Bijaya Chand Sanskrit (Degree) College', 'NGC488_BIJ_0054'),
    ('C', 'college', 'NGC_488', 'JAGATSINGHPUR', 'Sri Jagannath (Degree) Mahavidyalaya, Naugaonhat', 'NGC488_SRI_0055'),
    ('C', 'college', 'NGC_488', 'JAGATSINGHPUR', 'Paradeep (Degree) College, Paradeep', 'NGC488_PAR_0056'),
    ('C', 'college', 'NGC_488', 'JAGATSINGHPUR', 'Adikabi Sarala Das (Degree) College, Tirtol', 'NGC488_ADI_0057'),
    ('C', 'college', 'NGC_488', 'JAGATSINGHPUR', 'Laxmi Nrusingha Sanskrit (Degree) College', 'NGC488_LAX_0058'),
    ('C', 'college', 'NGC_488', 'JAJPUR', 'Bishnu Samantaray (Degree) College, Nuahat', 'NGC488_BIS_0059'),
    ('C', 'college', 'NGC_488', 'JAJPUR', 'Sahaspur (Degree) College, Balichandrapur', 'NGC488_SAH_0060'),
    ('C', 'college', 'NGC_488', 'JAJPUR', 'Mahapurusa Hadi Das (Degree) Mahavidyalaya, Chhatia', 'NGC488_MAH_0061'),
    ('C', 'college', 'NGC_488', 'JAJPUR', 'Baba Bhairabananda (Autonomous) Mahavidyalaya, Chandikhol', 'NGC488_BAB_0062'),
    ('C', 'college', 'NGC_488', 'JAJPUR', 'Gopabandhu Choudhury (Degree) College, Ramchandrapur', 'NGC488_GOP_0063'),
    ('C', 'college', 'NGC_488', 'JAJPUR', 'Junabhadra (Degree) College, Bitana', 'NGC488_JUN_0064'),
    ('C', 'college', 'NGC_488', 'JAJPUR', 'Baruneswar (Degree) Mahavidyalaya, Arei', 'NGC488_BAR_0065'),
    ('C', 'college', 'NGC_488', 'JAJPUR', 'Kharasrota (Degree) Mahavidyalaya, Singhipur', 'NGC488_KHA_0066'),
    ('C', 'college', 'NGC_488', 'JAJPUR', 'Anchalika Baladevjew Women''s (Degree) College, Alakunda', 'NGC488_ANC_0067'),
    ('C', 'college', 'NGC_488', 'JAJPUR', 'Sadhu Goureswar (Degree) College, Kanikapada', 'NGC488_SAD_0068'),
    ('C', 'college', 'NGC_488', 'JAJPUR', 'Dharmasala (Degree) Mahavidyalaya, Dharmasala', 'NGC488_DHA_0069'),
    ('C', 'college', 'NGC_488', 'JAJPUR', 'Jenapur (Degree) College, Jenapur', 'NGC488_JEN_0070'),
    ('C', 'college', 'NGC_488', 'JAJPUR', 'Anchalik Panchayat College, Sujanpur', 'NGC488_ANC_0071'),
    ('C', 'college', 'NGC_488', 'JAJPUR', 'Biraja Sanskrit (Degree) College', 'NGC488_BIR_0072'),
    ('C', 'college', 'NGC_488', 'JAJPUR', 'Prana Krushna (Degree) College, Baitarini', 'NGC488_PRA_0073'),
    ('C', 'college', 'NGC_488', 'JAJPUR', 'Upendranath Sarada (Degree) Mahavidyalaya, Mugapal', 'NGC488_UPE_0074'),
    ('C', 'college', 'NGC_488', 'JAJPUR', 'Madhupur (Degree) College, Kalan', 'NGC488_MAD_0075'),
    ('C', 'college', 'NGC_488', 'JAJPUR', 'Sukinda (Degree) College, Sukinda', 'NGC488_SUK_0076'),
    ('C', 'college', 'NGC_488', 'JAJPUR', 'Vyasa Nagar (Autonomous) College, Jajpur Road', 'NGC488_VYA_0077'),
    ('C', 'college', 'NGC_488', 'KENDRAPARA', 'Aul (Degree) College, Aul', 'NGC488_AUL_0078'),
    ('C', 'college', 'NGC_488', 'KENDRAPARA', 'Hrudananda Nayak Smaraki (Degree) Mahavidyalaya, Chandol', 'NGC488_HRU_0079'),
    ('C', 'college', 'NGC_488', 'KENDRAPARA', 'Derabish (Degree) College, Derabish', 'NGC488_DER_0080'),
    ('C', 'college', 'NGC_488', 'KENDRAPARA', 'Lokanath (Degree) College, Patkura', 'NGC488_LOK_0081'),
    ('C', 'college', 'NGC_488', 'KENDRAPARA', 'Gopinathpur Sanskrit (Degree) College', 'NGC488_GOP_0082'),
    ('C', 'college', 'NGC_488', 'KENDRAPARA', 'Birupa Degree College, Indupur', 'NGC488_BIR_0083'),
    ('C', 'college', 'NGC_488', 'KENDRAPARA', 'Abhaya Ayurved Sanskrit (Degree) College', 'NGC488_ABH_0084'),
    ('C', 'college', 'NGC_488', 'KENDRAPARA', 'Tulasi Women''s (Degree) College, Kendrapara', 'NGC488_TUL_0085'),
    ('C', 'college', 'NGC_488', 'KENDRAPARA', 'Kendrapara (Autonomous) College, Kendrapara', 'NGC488_KEN_0086'),
    ('C', 'college', 'NGC_488', 'KENDRAPARA', 'Sri Sri Bayababa (Degree) College, Mahakalpar', 'NGC488_SRI_0087'),
    ('C', 'college', 'NGC_488', 'KENDRAPARA', 'Marshaghai (Degree) College, Marshaghai', 'NGC488_MAR_0088'),
    ('C', 'college', 'NGC_488', 'KENDRAPARA', 'Biju Patnaik (Degree) College, Antei', 'NGC488_BIJ_0089'),
    ('C', 'college', 'NGC_488', 'KENDRAPARA', 'Karilopatna (Degree) College, Karilopatna', 'NGC488_KAR_0090'),
    ('C', 'college', 'NGC_488', 'KENDRAPARA', 'Brahmani (Degree) College, Dandisahi', 'NGC488_BRA_0091'),
    ('C', 'college', 'NGC_488', 'KENDRAPARA', 'U.K. Mahavir (Degree) College, Madanpur', 'NGC488_UKM_0092'),
    ('C', 'college', 'NGC_488', 'KENDRAPARA', 'Pattamundai (Degree) College, Pattamundai', 'NGC488_PAT_0093'),
    ('C', 'college', 'NGC_488', 'KENDRAPARA', 'Sailendra Narayan (Degree) College, Rajkanika', 'NGC488_SAI_0094'),
    ('C', 'college', 'NGC_488', 'KENDRAPARA', 'Baraha Regional Science (Degree) College, Hatasahi Katchery', 'NGC488_BAR_0095'),
    ('C', 'college', 'NGC_488', 'KENDRAPARA', 'Olaver (Degree) College, Olaver', 'NGC488_OLA_0096'),
    ('C', 'college', 'NGC_488', 'KENDRAPARA', 'Sri Sri Jagannath (Degree) Mahavidyalaya, Rajnagar', 'NGC488_SRI_0097'),
    ('C', 'college', 'NGC_488', 'KENDRAPARA', 'Sailendra Narayan Sanskrit (Degree) College', 'NGC488_SAI_0098'),
    ('C', 'college', 'NGC_488', 'KHURDA', 'Sishu Ananta (Degree) Mahavidyalaya, Balipatna', 'NGC488_SIS_0099'),
    ('C', 'college', 'NGC_488', 'KHURDA', 'Balugaon (Degree) College, Balugaon', 'NGC488_BAL_0100'),
    ('C', 'college', 'NGC_488', 'KHURDA', 'Nachuni (Degree) Mahavidyalaya, Nachuni', 'NGC488_NAC_0101'),
    ('C', 'college', 'NGC_488', 'KHURDA', 'Godavarish (Degree) Mahavidyalaya, Banapur', 'NGC488_GOD_0102'),
    ('C', 'college', 'NGC_488', 'KHURDA', 'Begunia (Degree) College, Begunia', 'NGC488_BEG_0103'),
    ('C', 'college', 'NGC_488', 'KHURDA', 'Rama Mani (Degree) Mahavidyalaya, Kantabada', 'NGC488_RAM_0104'),
    ('C', 'college', 'NGC_488', 'KHURDA', 'Kunja Bihari (Degree) College, Baranga', 'NGC488_KUN_0105'),
    ('C', 'college', 'NGC_488', 'KHURDA', 'Deb Ray (Degree) College, Nayapalli', 'NGC488_DEB_0106'),
    ('C', 'college', 'NGC_488', 'KHURDA', 'Ekamra (Degree) College, Bhubaneswar', 'NGC488_EKA_0107'),
    ('C', 'college', 'NGC_488', 'KHURDA', 'Maharishi (Degree) College of Natural Law, Bhubaneswar', 'NGC488_MAH_0108'),
    ('C', 'college', 'NGC_488', 'KHURDA', 'Sri Jayadev (Degree) College of Education & Technology, Naharkanta', 'NGC488_SRI_0109'),
    ('C', 'college', 'NGC_488', 'KHURDA', 'Sri Satya Sai (Degree) College for Women, Pokhriput', 'NGC488_SRI_0110'),
    ('C', 'college', 'NGC_488', 'KHURDA', 'Kamala Nehru Women''s (Degree) College, Bhubaneswar', 'NGC488_KAM_0111'),
    ('C', 'college', 'NGC_488', 'KHURDA', 'K.C.G. Sanskrit (Degree) College', 'NGC488_KCG_0112'),
    ('C', 'college', 'NGC_488', 'KHURDA', 'Parama Nanda (Degree) College, Bolagarh', 'NGC488_PAR_0113'),
    ('C', 'college', 'NGC_488', 'KHURDA', 'Jatani (Degree) College, Jatani', 'NGC488_JAT_0114'),
    ('C', 'college', 'NGC_488', 'KHURDA', 'Haladia (Degree) College, Haladia', 'NGC488_HAL_0115'),
    ('C', 'college', 'NGC_488', 'KHURDA', 'Sri Jagannath (Degree) College, Kaipadar', 'NGC488_SRI_0116'),
    ('C', 'college', 'NGC_488', 'KHURDA', 'Women''s (Degree) College, Khurda', 'NGC488_WOM_0117'),
    ('C', 'college', 'NGC_488', 'KHURDA', 'Prananath (Autonomous) College, Khurda', 'NGC488_PRA_0118'),
    ('C', 'college', 'NGC_488', 'KHURDA', 'Kshetrabasi Dayananda Anglovedic (Degree) College, Nirakarpur', 'NGC488_KSH_0119'),
    ('C', 'college', 'NGC_488', 'NAYAGARH', 'Brundabana Subudhi (Degree) College, Daspalla', 'NGC488_BRU_0120'),
    ('C', 'college', 'NGC_488', 'NAYAGARH', 'Nilamadhab (Degree) Mahavidyalaya, Kantilo', 'NGC488_NIL_0121'),
    ('C', 'college', 'NGC_488', 'NAYAGARH', 'Pathani Samanta (Degree) College, Khandapara', 'NGC488_PAT_0122'),
    ('C', 'college', 'NGC_488', 'NAYAGARH', 'Nayagarh Prajamandal Mahila (Degree) Mahavidyalaya, Nayagarh', 'NGC488_NAY_0123'),
    ('C', 'college', 'NGC_488', 'NAYAGARH', 'Nayagarh (Autonomous) College, Nayagarh', 'NGC488_NAY_0124'),
    ('C', 'college', 'NGC_488', 'NAYAGARH', 'Sarankul (Degree) College, Sarankul', 'NGC488_SAR_0125'),
    ('C', 'college', 'NGC_488', 'NAYAGARH', 'Raghunath Samabaya (Degree) Mahavidyalaya, Odagaon', 'NGC488_RAG_0126'),
    ('C', 'college', 'NGC_488', 'NAYAGARH', 'Rajasunakhala (Degree) College, Rajasunakhala', 'NGC488_RAJ_0127'),
    ('C', 'college', 'NGC_488', 'NAYAGARH', 'Ranapur (Degree) College, Ranpur', 'NGC488_RAN_0128'),
    ('C', 'college', 'NGC_488', 'PURI', 'Alarnath Dhandamulak (Degree) Mahavidyalaya, Brahmagiri', 'NGC488_ALA_0129'),
    ('C', 'college', 'NGC_488', 'PURI', 'Gop (Degree) College, Gop', 'NGC488_GOP_0130'),
    ('C', 'college', 'NGC_488', 'PURI', 'Mangala (Degree) Mahavidyalaya, Kakatpur', 'NGC488_MAN_0131'),
    ('C', 'college', 'NGC_488', 'PURI', 'Konark Bhagabati (Degree) College, Konark', 'NGC488_KON_0132'),
    ('C', 'college', 'NGC_488', 'PURI', 'Rukmani Devi Chilika (Degree) Mahavidyalaya, Nuapada', 'NGC488_RUK_0133'),
    ('C', 'college', 'NGC_488', 'PURI', 'Balanga (Degree) College, Balanga', 'NGC488_BAL_0134'),
    ('C', 'college', 'NGC_488', 'PURI', 'Nigamananda Mahila (Degree) Mahavidyalaya, Chari Chhak', 'NGC488_NIG_0135'),
    ('C', 'college', 'NGC_488', 'PURI', 'Nimapada (Autonomous) College, Nimapada', 'NGC488_NIM_0136'),
    ('C', 'college', 'NGC_488', 'PURI', 'Pipili (Degree) College, Pipili', 'NGC488_PIP_0137'),
    ('C', 'college', 'NGC_488', 'PURI', 'Surajamala Saha (Degree) College, Saradhabali', 'NGC488_SUR_0138'),
    ('C', 'college', 'NGC_488', 'PURI', 'Nilachal Narayan Ayurveda Chatuspathi (Degree) College', 'NGC488_NIL_0139'),
    ('C', 'college', 'NGC_488', 'PURI', 'Sri Jagannath Veda Karmakanda (Degree) College, Swargadwar Road, Puri', 'NGC488_SRI_0140'),
    ('C', 'college', 'NGC_488', 'PURI', 'Utkalmani Gopabandhu Smruti (Degree) Mahavidyalaya, Sakhigopal', 'NGC488_UTK_0141'),
    ('C', 'college', 'NGC_488', 'BALASORE', 'Gopalpur (Degree) College, Gopalpur, Balasore', 'NGC488_GOP_0142'),
    ('C', 'college', 'NGC_488', 'BALASORE', 'Belabhumi (Degree) College, Avana', 'NGC488_BEL_0143'),
    ('C', 'college', 'NGC_488', 'BALASORE', 'Bhagaban Chandra Sanskrit Degree College, Jageswarpada', 'NGC488_BHA_0144'),
    ('C', 'college', 'NGC_488', 'BALASORE', 'Balasore Mahila (Degree) College, Gopalgaon', 'NGC488_BAL_0145'),
    ('C', 'college', 'NGC_488', 'BALASORE', 'Sriram Chandra Sanskrit (Degree) College', 'NGC488_SRI_0146'),
    ('C', 'college', 'NGC_488', 'BALASORE', 'Nilamani (Degree) Mahavidyalaya, Rupsa', 'NGC488_NIL_0147'),
    ('C', 'college', 'NGC_488', 'BALASORE', 'Santilata (Degree) Mahavidyalaya, Uitikiri', 'NGC488_SAN_0148'),
    ('C', 'college', 'NGC_488', 'BALASORE', 'Dr. Jadunath (Degree) College, Rasalpur', 'NGC488_DRJ_0149'),
    ('C', 'college', 'NGC_488', 'BALASORE', 'Subarna Rekha (Degree) Mahavidyalaya, Baliapal', 'NGC488_SUB_0150'),
    ('C', 'college', 'NGC_488', 'BALASORE', 'Krushna Chandra Pipili (Degree) College, Jagai', 'NGC488_KRU_0151'),
    ('C', 'college', 'NGC_488', 'BALASORE', 'Laxminarayan (Degree) College, Jamsuli', 'NGC488_LAX_0152'),
    ('C', 'college', 'NGC_488', 'BALASORE', 'Sidheswar (Degree) College, Amardaroad', 'NGC488_SID_0153'),
    ('C', 'college', 'NGC_488', 'BALASORE', 'Rural (Degree) Institute of Higher Studies, Bhogarai', 'NGC488_RUR_0154'),
    ('C', 'college', 'NGC_488', 'BALASORE', 'Shyamsundar Sanskrit (Degree) College', 'NGC488_SHY_0155'),
    ('C', 'college', 'NGC_488', 'BALASORE', 'Dinakrushna Degree College, Jaleswar', 'NGC488_DIN_0156'),
    ('C', 'college', 'NGC_488', 'BALASORE', 'Khaira (Degree) College, Khaira', 'NGC488_KHA_0157'),
    ('C', 'college', 'NGC_488', 'BALASORE', 'Dr. Hare Krishna Mahatab (Degree) College, Kupari', 'NGC488_DRH_0158'),
    ('C', 'college', 'NGC_488', 'BALASORE', 'Swarnachuda (Degree) College, Mitrapur', 'NGC488_SWA_0159'),
    ('C', 'college', 'NGC_488', 'BALASORE', 'Nilagiri (Degree) College, Nilagiri', 'NGC488_NIL_0160'),
    ('C', 'college', 'NGC_488', 'BALASORE', 'Simulia Degree College, Markona', 'NGC488_SIM_0161'),
    ('C', 'college', 'NGC_488', 'BALASORE', 'Saraswata (Degree) Mahavidyalaya, Anantapur', 'NGC488_SAR_0162'),
    ('C', 'college', 'NGC_488', 'BALASORE', 'Upendra Nath (Degree) College, Soro', 'NGC488_UPE_0163'),
    ('C', 'college', 'NGC_488', 'BHADRAK', 'Atal Bihari (Degree) College, Basudevpur', 'NGC488_ATA_0164'),
    ('C', 'college', 'NGC_488', 'BHADRAK', 'Charampa (Degree) College, Charampa', 'NGC488_CHA_0165'),
    ('C', 'college', 'NGC_488', 'BHADRAK', 'Damodar Sanskrit Degree College, Puruna Bazar', 'NGC488_DAM_0166'),
    ('C', 'college', 'NGC_488', 'BHADRAK', 'Bhadrak (Degree) Women''s College, Bhadrak', 'NGC488_BHA_0167'),
    ('C', 'college', 'NGC_488', 'BHADRAK', 'Naami (Degree) College, Naami', 'NGC488_NAA_0168'),
    ('C', 'college', 'NGC_488', 'BHADRAK', 'Bant Anchalika (Degree) College, Bant', 'NGC488_BAN_0169'),
    ('C', 'college', 'NGC_488', 'BHADRAK', 'Agarpara (Degree) College, Agarpara', 'NGC488_AGA_0170'),
    ('C', 'college', 'NGC_488', 'BHADRAK', 'Chandbali (Degree) College, Chandbali', 'NGC488_CHA_0171'),
    ('C', 'college', 'NGC_488', 'BHADRAK', 'Dhamnagar (Degree) College, Dhamnagar', 'NGC488_DHA_0172'),
    ('C', 'college', 'NGC_488', 'BHADRAK', 'Biranchi Narayan Madhab Arjuna (Degree) College, Paliabindha', 'NGC488_BIR_0173'),
    ('C', 'college', 'NGC_488', 'KEONJHAR', 'Anandapur (Degree) College, Anandapur', 'NGC488_ANA_0174'),
    ('C', 'college', 'NGC_488', 'KEONJHAR', 'Kanak Manjari Women''s (Degree) College, Salapada', 'NGC488_KAN_0175'),
    ('C', 'college', 'NGC_488', 'KEONJHAR', 'Barbil Degree (Degree) College, Barbil', 'NGC488_BAR_0176'),
    ('C', 'college', 'NGC_488', 'KEONJHAR', 'Chandra Sekhar (Degree) College, Champua', 'NGC488_CHA_0177'),
    ('C', 'college', 'NGC_488', 'KEONJHAR', 'Rimuli (Degree) College, Rimuli', 'NGC488_RIM_0178'),
    ('C', 'college', 'NGC_488', 'KEONJHAR', 'Kushaleswar Anchalik (Degree) Mahavidyalaya, Rekutia', 'NGC488_KUS_0179'),
    ('C', 'college', 'NGC_488', 'KEONJHAR', 'Tarini Thakurani (Degree) Mahavidyalaya, Ghatagaon', 'NGC488_TAR_0180'),
    ('C', 'college', 'NGC_488', 'KEONJHAR', 'Braja Bandhu (Degree) Mahavidyalaya, Harichandanpur', 'NGC488_BRA_0181'),
    ('C', 'college', 'NGC_488', 'KEONJHAR', 'Anchalika (Degree) Mahavidyalaya, Hatadihi', 'NGC488_ANC_0182'),
    ('C', 'college', 'NGC_488', 'KEONJHAR', 'Panchayat Samiti (Degree) College, Jhumpura', 'NGC488_PAN_0183'),
    ('C', 'college', 'NGC_488', 'KEONJHAR', 'Joda Women''s (Degree) College, Joda', 'NGC488_JOD_0184'),
    ('C', 'college', 'NGC_488', 'KEONJHAR', 'Anchalika (Degree) Mahavidyalaya, Swampatna', 'NGC488_ANC_0185'),
    ('C', 'college', 'NGC_488', 'KEONJHAR', 'Charigarh (Degree) Mahavidyalaya, Telkoi', 'NGC488_CHA_0186'),
    ('C', 'college', 'NGC_488', 'MAYURBHANJ', 'Dhirajlal (Degree) College, Bahalda', 'NGC488_DHI_0187'),
    ('C', 'college', 'NGC_488', 'MAYURBHANJ', 'Laxmi Kanta (Degree) College, Bangriposi', 'NGC488_LAX_0188'),
    ('C', 'college', 'NGC_488', 'MAYURBHANJ', 'Barasahi Panchayat Samiti (Degree) College, Barasahi', 'NGC488_BAR_0189'),
    ('C', 'college', 'NGC_488', 'MAYURBHANJ', 'Shree Maa Mahila (Degree) Mahavidyalaya, Baripada', 'NGC488_SHR_0190'),
    ('C', 'college', 'NGC_488', 'MAYURBHANJ', 'Betnoti (Degree) College, Betnoti', 'NGC488_BET_0191'),
    ('C', 'college', 'NGC_488', 'MAYURBHANJ', 'Saraswata Snatak (Degree) Mahavidyalaya, Kuamara', 'NGC488_SAR_0192'),
    ('C', 'college', 'NGC_488', 'MAYURBHANJ', 'Jashipur (Degree) College, Jashipur', 'NGC488_JAS_0193'),
    ('C', 'college', 'NGC_488', 'MAYURBHANJ', 'Kaptipada (Degree) College, Kaptipada', 'NGC488_KAP_0194'),
    ('C', 'college', 'NGC_488', 'MAYURBHANJ', 'Meghasan (Degree) College, Nudadiha', 'NGC488_MEG_0195'),
    ('C', 'college', 'NGC_488', 'MAYURBHANJ', 'Karanjia (Autonomous) College, Karanjia', 'NGC488_KAR_0196'),
    ('C', 'college', 'NGC_488', 'MAYURBHANJ', 'Baigan Badia (Degree) College, Baiganbadia', 'NGC488_BAI_0197'),
    ('C', 'college', 'NGC_488', 'MAYURBHANJ', 'Chitrada (Degree) College, Chitrada', 'NGC488_CHI_0198'),
    ('C', 'college', 'NGC_488', 'MAYURBHANJ', 'Anchalika (Degree) Mahavidyalaya, Gadia', 'NGC488_ANC_0199'),
    ('C', 'college', 'NGC_488', 'MAYURBHANJ', 'Mahila (Degree) Mahavidyalaya, Rairangpur', 'NGC488_MAH_0200'),
    ('C', 'college', 'NGC_488', 'MAYURBHANJ', 'Rairangpur (Degree) College, Rairangpur', 'NGC488_RAI_0201'),
    ('C', 'college', 'NGC_488', 'MAYURBHANJ', 'Angarpada Panchayat (Degree) College, Raruan', 'NGC488_ANG_0202'),
    ('C', 'college', 'NGC_488', 'MAYURBHANJ', 'Upendra Nath (Degree) College, Nalagaja', 'NGC488_UPE_0203'),
    ('C', 'college', 'NGC_488', 'MAYURBHANJ', 'Seemanta (Degree) Mahavidyalaya, Jharpokharia', 'NGC488_SEE_0204'),
    ('C', 'college', 'NGC_488', 'MAYURBHANJ', 'Utkal Banani Snatak (Degree) Mahavidyalaya, Jamsala', 'NGC488_UTK_0205'),
    ('C', 'college', 'NGC_488', 'MAYURBHANJ', 'Udala (Degree) College, Udala', 'NGC488_UDA_0206'),
    ('C', 'college', 'NGC_488', 'MAYURBHANJ', 'Indira Gandhi Mahila (Degree) Mahavidyalaya, Udala', 'NGC488_IND_0207'),
    ('C', 'college', 'NGC_488', 'BARGARH', 'Larambha (Degree) College, Larambha', 'NGC488_LAR_0208'),
    ('C', 'college', 'NGC_488', 'BARGARH', 'Attabira (Degree) College, Attabira', 'NGC488_ATT_0209'),
    ('C', 'college', 'NGC_488', 'BARGARH', 'Parbati Giri Womens College, Bargarh', 'NGC488_PAR_0210'),
    ('C', 'college', 'NGC_488', 'BARGARH', 'Barpali College, Barpali', 'NGC488_BAR_0211'),
    ('C', 'college', 'NGC_488', 'BARGARH', 'Dadhi Baman (Degree) College, Bhatli', 'NGC488_DAD_0212'),
    ('C', 'college', 'NGC_488', 'BARGARH', 'Anchalik Kisan (Degree) College, Bheden', 'NGC488_ANC_0213'),
    ('C', 'college', 'NGC_488', 'BARGARH', 'Pallishree (Degree) College, Chichinda', 'NGC488_PAL_0214'),
    ('C', 'college', 'NGC_488', 'BARGARH', 'Bijepur (Degree) College, Bijepur', 'NGC488_BIJ_0215'),
    ('C', 'college', 'NGC_488', 'BARGARH', 'Panchayat Samiti (Degree) College, Gaisilat', 'NGC488_PAN_0216'),
    ('C', 'college', 'NGC_488', 'BARGARH', 'Anchal (Degree) College, Padampur', 'NGC488_ANC_0217'),
    ('C', 'college', 'NGC_488', 'BARGARH', 'Ghess (Degree) College, Ghess', 'NGC488_GHE_0218'),
    ('C', 'college', 'NGC_488', 'BARGARH', 'Sohela (Degree) College, Sohela', 'NGC488_SOH_0219'),
    ('C', 'college', 'NGC_488', 'BALANGIR', 'Agalpur Panchayat Samiti (Degree) College, Roth', 'NGC488_AGA_0220'),
    ('C', 'college', 'NGC_488', 'BALANGIR', 'Panchayat Samiti (Degree) College, Belpara', 'NGC488_PAN_0221'),
    ('C', 'college', 'NGC_488', 'BALANGIR', 'Loisingha (Degree) College, Loisingha', 'NGC488_LOI_0222'),
    ('C', 'college', 'NGC_488', 'BALANGIR', 'Jawaharlal (Degree) College, Patnagarh', 'NGC488_JAW_0223'),
    ('C', 'college', 'NGC_488', 'BALANGIR', 'Panchayat Samiti (Degree) College, Saintala', 'NGC488_PAN_0224'),
    ('C', 'college', 'NGC_488', 'BALANGIR', 'D.A.V. (Autonomous) College, Titilagarh', 'NGC488_DAV_0225'),
    ('C', 'college', 'NGC_488', 'BALANGIR', 'Kantabanji Vocational (Degree) College, Kantabanji', 'NGC488_KAN_0226'),
    ('C', 'college', 'NGC_488', 'DEOGARH', 'Deogarh (Degree) College, Deogarh', 'NGC488_DEO_0227'),
    ('C', 'college', 'NGC_488', 'JHARSUGUDA', 'Brajarajnagar (Degree) College, Brajarajnagar', 'NGC488_BRA_0228'),
    ('C', 'college', 'NGC_488', 'JHARSUGUDA', 'Laxmi Narayan (Degree) College, Jharsuguda', 'NGC488_LAX_0229'),
    ('C', 'college', 'NGC_488', 'JHARSUGUDA', 'Women''s (Degree) College, Jharsuguda', 'NGC488_WOM_0230'),
    ('C', 'college', 'NGC_488', 'KALAHANDI', 'Panchayat (Degree) College, Dharamgarh', 'NGC488_PAN_0231'),
    ('C', 'college', 'NGC_488', 'KALAHANDI', 'Indrabati (Degree) Mahavidyalay, Jaipatna', 'NGC488_IND_0232'),
    ('C', 'college', 'NGC_488', 'KALAHANDI', 'Priyadarshini Indira (Degree) Mahavidyalaya, Junagarh', 'NGC488_PRI_0233'),
    ('C', 'college', 'NGC_488', 'KALAHANDI', 'Kesinga (Degree) Mahavidyalaya, Kesinga', 'NGC488_KES_0234'),
    ('C', 'college', 'NGC_488', 'KALAHANDI', 'Madanpur Rampur (Degree) College, Madanpur Rampur', 'NGC488_MAD_0235'),
    ('C', 'college', 'NGC_488', 'KALAHANDI', 'Panchayat Samiti (Degree) College, Narla', 'NGC488_PAN_0236'),
    ('C', 'college', 'NGC_488', 'NUAPADA', 'Khariar (Autonomous) College, Khariar', 'NGC488_KHA_0237'),
    ('C', 'college', 'NGC_488', 'NUAPADA', 'National (Degree) College, Nuapada', 'NGC488_NAT_0238'),
    ('C', 'college', 'NGC_488', 'NUAPADA', 'Sinapali (Degree) College, Sinapali', 'NGC488_SIN_0239'),
    ('C', 'college', 'NGC_488', 'SAMBALPUR', 'Trust Fund (Degree) College, Bamra', 'NGC488_TRU_0240'),
    ('C', 'college', 'NGC_488', 'SAMBALPUR', 'Gokul Parvati Rural (Degree) College, Kuntara', 'NGC488_GOK_0241'),
    ('C', 'college', 'NGC_488', 'SAMBALPUR', 'Kuchinda (Degree) College, Kuchinda', 'NGC488_KUC_0242'),
    ('C', 'college', 'NGC_488', 'SAMBALPUR', 'Dr J K Sahu Degree College, Parmanpur', 'NGC488_DRJ_0243'),
    ('C', 'college', 'NGC_488', 'SAMBALPUR', 'Bhim Bhoi (Degree) College, Rairakhol', 'NGC488_BHI_0244'),
    ('C', 'college', 'NGC_488', 'SAMBALPUR', 'Dutika Sahu (Degree) College, Laida', 'NGC488_DUT_0245'),
    ('C', 'college', 'NGC_488', 'SAMBALPUR', 'Burla N.A.C. (Degree) College, Burla', 'NGC488_BUR_0246'),
    ('C', 'college', 'NGC_488', 'SAMBALPUR', 'Hirakud (Degree) College, Hirakud', 'NGC488_HIR_0247'),
    ('C', 'college', 'NGC_488', 'SUBARNAPUR', 'Birmaharajpur (Degree) College, Birmaharajpur', 'NGC488_BIR_0248'),
    ('C', 'college', 'NGC_488', 'SUBARNAPUR', 'Shreeram (Degree) College, S. Rampur', 'NGC488_SHR_0249'),
    ('C', 'college', 'NGC_488', 'SUBARNAPUR', 'Dunguripali (Degree) College, Dunguripali', 'NGC488_DUN_0250'),
    ('C', 'college', 'NGC_488', 'SUBARNAPUR', 'Sonepur (Degree) College, Sonepur', 'NGC488_SON_0251'),
    ('C', 'college', 'NGC_488', 'SUBARNAPUR', 'A.E.S. (Degree) College, Tarbha', 'NGC488_AES_0252'),
    ('C', 'college', 'NGC_488', 'SUNDARGARH', 'Shrama Sakti (Degree) College, Biramitrapur', 'NGC488_SHR_0253'),
    ('C', 'college', 'NGC_488', 'SUNDARGARH', 'Neelashaila (Degree) Mahavidyalaya, Jagada', 'NGC488_NEE_0254'),
    ('C', 'college', 'NGC_488', 'SUNDARGARH', 'Bonaigarh (Degree) College, Bonaigarh', 'NGC488_BON_0255'),
    ('C', 'college', 'NGC_488', 'SUNDARGARH', 'Vesaja Patel (Degree) College, Duduka', 'NGC488_VES_0256'),
    ('C', 'college', 'NGC_488', 'SUNDARGARH', 'Dalmia (Degree) College, Jharbeda', 'NGC488_DAL_0257'),
    ('C', 'college', 'NGC_488', 'SUNDARGARH', 'Vedvyas (Degree) Mahavidyalaya, Vedvyas', 'NGC488_VED_0258'),
    ('C', 'college', 'NGC_488', 'SUNDARGARH', 'Priyadarshini Mahila (Degree) Mahavidyalaya, Jalda', 'NGC488_PRI_0259'),
    ('C', 'college', 'NGC_488', 'SUNDARGARH', 'Gurukul Sanskrit Degree College, Lathikata', 'NGC488_GUR_0260'),
    ('C', 'college', 'NGC_488', 'SUNDARGARH', 'Sarbati Devi Women''s (Degree) College, Rajgangpur', 'NGC488_SAR_0261'),
    ('C', 'college', 'NGC_488', 'SUNDARGARH', 'Gandhi (Degree) Mahavidyalaya, Deogaon', 'NGC488_GAN_0262'),
    ('C', 'college', 'NGC_488', 'SUNDARGARH', 'Municipal (Degree) College, Uditnagar', 'NGC488_MUN_0263'),
    ('C', 'college', 'NGC_488', 'SUNDARGARH', 'Ispat (Autonomous) College, Rourkela', 'NGC488_ISP_0264'),
    ('C', 'college', 'NGC_488', 'BOUDH', 'Boudh Panchayat (Degree) College, Boudh', 'NGC488_BOU_0265'),
    ('C', 'college', 'NGC_488', 'BOUDH', 'Panchayat (Degree) College, Kantamal', 'NGC488_PAN_0266'),
    ('C', 'college', 'NGC_488', 'GAJAPATI', 'Sanskrit (Degree) College', 'NGC488_SAN_0267'),
    ('C', 'college', 'NGC_488', 'GANJAM', 'Aska Science (Degree) College, Aska', 'NGC488_ASK_0268'),
    ('C', 'college', 'NGC_488', 'GANJAM', 'Nimina Brundaban Chandra (Degree) College, Kendupadar', 'NGC488_NIM_0269'),
    ('C', 'college', 'NGC_488', 'GANJAM', 'City (Degree) College, Berhampur', 'NGC488_CIT_0270'),
    ('C', 'college', 'NGC_488', 'GANJAM', 'Mahamaye Mahila (Degree) Mahavidyalaya, Gandhinagar', 'NGC488_MAH_0271'),
    ('C', 'college', 'NGC_488', 'GANJAM', 'Ramadhin Sanskrit (Degree) College, Berhampur', 'NGC488_RAM_0272'),
    ('C', 'college', 'NGC_488', 'GANJAM', 'Kabi Samrat Upendra Bhanja (Degree) College, Bhanjanagar', 'NGC488_KAB_0273'),
    ('C', 'college', 'NGC_488', 'GANJAM', 'Savitri Women''s (Degree) College, Bhanjanagar', 'NGC488_SAV_0274'),
    ('C', 'college', 'NGC_488', 'GANJAM', 'People''s (Degree) College, Buguda', 'NGC488_PEO_0275'),
    ('C', 'college', 'NGC_488', 'GANJAM', 'Nuvapada Sri Balaji (Degree) Mahavidyalaya, Nuapada', 'NGC488_NUV_0276'),
    ('C', 'college', 'NGC_488', 'GANJAM', 'Chikiti (Degree) Mahavidyalaya, Chikiti', 'NGC488_CHI_0277'),
    ('C', 'college', 'NGC_488', 'GANJAM', 'Khemundi (Degree) College, Digapahandi', 'NGC488_KHE_0278'),
    ('C', 'college', 'NGC_488', 'GANJAM', 'Ganjam (Degree) College, Ganjam', 'NGC488_GAN_0279'),
    ('C', 'college', 'NGC_488', 'GANJAM', 'Gopalpur (Degree) College, Gopalpur, Ganjam', 'NGC488_GOP_0280'),
    ('C', 'college', 'NGC_488', 'GANJAM', 'Science College (Autonomous), Hinjilicut', 'NGC488_SCI_0281'),
    ('C', 'college', 'NGC_488', 'GANJAM', 'Tentulia Sasan Debasthan (Degree) College, Bijaya Dhanurjaya Pur', 'NGC488_TEN_0282'),
    ('C', 'college', 'NGC_488', 'GANJAM', 'Kabisurya Baladev Vigyan (Degree) Mahavidyalaya, Kabisuryanagar', 'NGC488_KAB_0283'),
    ('C', 'college', 'NGC_488', 'GANJAM', 'R.C.M. Science (Degree) College, Khallikote', 'NGC488_RCM_0284'),
    ('C', 'college', 'NGC_488', 'GANJAM', 'Laxminarayan Degree College, Kodala', 'NGC488_LAX_0285'),
    ('C', 'college', 'NGC_488', 'GANJAM', 'Sri Bharatpati (Degree) Mahavidyalaya, Samantiapali', 'NGC488_SRI_0286'),
    ('C', 'college', 'NGC_488', 'GANJAM', 'Polasara Science Degree College, Polasara', 'NGC488_POL_0287'),
    ('C', 'college', 'NGC_488', 'GANJAM', 'Tara Tarini (Degree) College, Purusottampur', 'NGC488_TAR_0288'),
    ('C', 'college', 'NGC_488', 'GANJAM', 'Science (Degree) College, Konkorada', 'NGC488_SCI_0289'),
    ('C', 'college', 'NGC_488', 'GANJAM', 'Biswas Roy Science (Degree) College, Pattapur', 'NGC488_BIS_0290'),
    ('C', 'college', 'NGC_488', 'KANDHAMAL', 'Adivasi Degree College, Balliguda', 'NGC488_ADI_0291'),
    ('C', 'college', 'NGC_488', 'KANDHAMAL', 'Gurukul Sanskrit (Degree) College', 'NGC488_GUR_0292'),
    ('C', 'college', 'NGC_488', 'KANDHAMAL', 'Kalinga (Degree) Mahavidyalaya, G. Udayagiri', 'NGC488_KAL_0293'),
    ('C', 'college', 'NGC_488', 'KANDHAMAL', 'Jeevan Jyoti (Degree) Mahavidyalaya, Raikia', 'NGC488_JEE_0294'),
    ('C', 'college', 'NGC_488', 'KANDHAMAL', 'AMCS (Degree) College, Tikaballi', 'NGC488_AMC_0295'),
    ('C', 'college', 'NGC_488', 'KORAPUT', 'Kotpad (Degree) College, Kotpad', 'NGC488_KOT_0296'),
    ('C', 'college', 'NGC_488', 'KORAPUT', 'Semiliguda (Degree) College, Seimiliguda', 'NGC488_SEM_0297'),
    ('C', 'college', 'NGC_488', 'MALKANGIRI', 'Balimela (Degree) College of Technology, Niladrinagar', 'NGC488_BAL_0298'),
    ('C', 'college', 'NGC_488', 'MALKANGIRI', 'Malkangiri (Degree) College, Malkangiri', 'NGC488_MAL_0299'),
    ('C', 'college', 'NGC_488', 'NABARANGPUR', 'Nabarangpur (Degree) College, Nabarangpur', 'NGC488_NAB_0300'),
    ('C', 'college', 'NGC_488', 'NABARANGPUR', 'Pendrani (Degree) Mahavidyalaya, Umerkote', 'NGC488_PEN_0301'),
    ('C', 'college', 'NGC_488', 'RAYAGADA', 'Gunupur (Degree) College, Gunupur', 'NGC488_GUN_0302'),
    ('C', 'college', 'NGC_488', 'RAYAGADA', 'Women''s (Degree) College, Rayagada', 'NGC488_WOM_0303'),
    ('C', 'college', 'NGC_488', 'RAYAGADA', 'Rayagada (Autonomous) College, Rayagada', 'NGC488_RAY_0304');


-- =====================================================================
-- ANNEXURE D: BLOCK GRANT (662) CATEGORY COLLEGES (344 records)
-- =====================================================================
INSERT INTO hed_institution (annexure, branch_code, sub_type_code, district_code, name, code) VALUES

    ('D', 'college', 'NGC_662', 'ANGUL', 'Bantala (Degree) College of Higher Education, Bantala', 'NGC662_BAN_0000'),
    ('D', 'college', 'NGC_662', 'ANGUL', 'Solapada (Degree) Mahavidyalaya, Thakurgarh', 'NGC662_SOL_0001'),
    ('D', 'college', 'NGC_662', 'ANGUL', 'Anchalika (Degree) College, Talmul', 'NGC662_ANC_0002'),
    ('D', 'college', 'NGC_662', 'ANGUL', 'Panchagarh Somanath Singh Jagadev (Degree) Mahavidyalaya, Banarpal', 'NGC662_PAN_0003'),
    ('D', 'college', 'NGC_662', 'ANGUL', 'Patitapaban (Degree) Mahavidyalaya, Jarapada', 'NGC662_PAT_0004'),
    ('D', 'college', 'NGC_662', 'ANGUL', 'Pabitra Nagar (Degree) College, Parbil', 'NGC662_PAB_0005'),
    ('D', 'college', 'NGC_662', 'ANGUL', 'Kaniha (Degree) College, Kaniha', 'NGC662_KAN_0006'),
    ('D', 'college', 'NGC_662', 'ANGUL', 'Pabitramohan Memorial (Degree) College, Rengali', 'NGC662_PAB_0007'),
    ('D', 'college', 'NGC_662', 'ANGUL', 'Kishore Nagar (Degree) College, Kishore Nagar', 'NGC662_KIS_0008'),
    ('D', 'college', 'NGC_662', 'ANGUL', 'Hingula (Degree) College, Solada', 'NGC662_HIN_0009'),
    ('D', 'college', 'NGC_662', 'ANGUL', 'Nilakantheswar (Degree) Mahavidyalaya, South Balanda', 'NGC662_NIL_0010'),
    ('D', 'college', 'NGC_662', 'CUTTACK', 'Gopabandhu Women''s (Degree) College, Athagarh', 'NGC662_GOP_0011'),
    ('D', 'college', 'NGC_662', 'CUTTACK', 'Radhanath Rath Vigyan (Degree) Mahavidyalaya, Khuntuni', 'NGC662_RAD_0012'),
    ('D', 'college', 'NGC_662', 'CUTTACK', 'Kalapathar Dhalapathar Anchalika (Degree) Mahavidyalaya, Kalapathar', 'NGC662_KAL_0013'),
    ('D', 'college', 'NGC_662', 'CUTTACK', 'Rani Suka Dei Mahila (Degree) Mahavidyalaya, Banki', 'NGC662_RAN_0014'),
    ('D', 'college', 'NGC_662', 'CUTTACK', 'Maniabandha (Degree) College, Maniabandha', 'NGC662_MAN_0015'),
    ('D', 'college', 'NGC_662', 'CUTTACK', 'Raghunath Jew (Degree) Mahavidyalaya, Deulasahi', 'NGC662_RAG_0016'),
    ('D', 'college', 'NGC_662', 'CUTTACK', 'Mahanadi Vihar Women''s (Degree) College, Cuttack', 'NGC662_MAH_0017'),
    ('D', 'college', 'NGC_662', 'CUTTACK', 'Dr. Hare KrishnaMahtab Adarsa Sanskrit (Degree) College', 'NGC662_DRH_0018'),
    ('D', 'college', 'NGC_662', 'CUTTACK', 'Sudarsan (Degree) Mohavidyalaya, 42 Mouza', 'NGC662_SUD_0019'),
    ('D', 'college', 'NGC_662', 'CUTTACK', 'Kusum Devi Satsang Women''s (Degree) College, Cuttack', 'NGC662_KUS_0020'),
    ('D', 'college', 'NGC_662', 'CUTTACK', 'Ansupa Degree College, Saranda', 'NGC662_ANS_0021'),
    ('D', 'college', 'NGC_662', 'CUTTACK', 'Govindpur (Degree) College, Govindpur', 'NGC662_GOV_0022'),
    ('D', 'college', 'NGC_662', 'CUTTACK', 'Udayanath (Autonomous) College of Science & Technology, Adaspur', 'NGC662_UDA_0023'),
    ('D', 'college', 'NGC_662', 'CUTTACK', 'Trinathpur Miradevi Sanskrit (Degree) College', 'NGC662_TRI_0024'),
    ('D', 'college', 'NGC_662', 'CUTTACK', 'Ballavi Devi Mahila (Degree) Mahavidyalaya, Natakai', 'NGC662_BAL_0025'),
    ('D', 'college', 'NGC_662', 'CUTTACK', 'Mahapurush Achyutananda Sanskrit (Degree) College', 'NGC662_MAH_0026'),
    ('D', 'college', 'NGC_662', 'CUTTACK', 'Bahugram (Degree) College, Bahugram', 'NGC662_BAH_0027'),
    ('D', 'college', 'NGC_662', 'CUTTACK', 'Japakuda Womens (Degree) College, Japakuda', 'NGC662_JAP_0028'),
    ('D', 'college', 'NGC_662', 'CUTTACK', 'Chaitanya Sahu (Degree) College of Science & Arts, Nuapatna', 'NGC662_CHA_0029'),
    ('D', 'college', 'NGC_662', 'DHENKANAL', 'Bhuban Women''s (Degree) College, Bhuban', 'NGC662_BHU_0030'),
    ('D', 'college', 'NGC_662', 'DHENKANAL', 'Dhenkanal Evening (Degree) College, Dhenkanal', 'NGC662_DHE_0031'),
    ('D', 'college', 'NGC_662', 'DHENKANAL', 'Debendra Satapathy Memorial (Degree) College, Bhapur', 'NGC662_DEB_0032'),
    ('D', 'college', 'NGC_662', 'DHENKANAL', 'Anchalika (Degree) Mahavidyalaya, Banasingha', 'NGC662_ANC_0033'),
    ('D', 'college', 'NGC_662', 'DHENKANAL', 'Pingua (Degree) College, Pingua', 'NGC662_PIN_0034'),
    ('D', 'college', 'NGC_662', 'DHENKANAL', 'Parimal (Degree) College, Pandua', 'NGC662_PAR_0035'),
    ('D', 'college', 'NGC_662', 'DHENKANAL', 'Women''s (Degree) College, Kamakshyanagar', 'NGC662_WOM_0036'),
    ('D', 'college', 'NGC_662', 'DHENKANAL', 'Mahaviroad (Degree) College, Mahaviroad', 'NGC662_MAH_0037'),
    ('D', 'college', 'NGC_662', 'DHENKANAL', 'Garhpalasuni (Degree) College, Garhpalasuni', 'NGC662_GAR_0038'),
    ('D', 'college', 'NGC_662', 'DHENKANAL', 'Satyam Sivam Sundaram (Degree) Mahavidyalaya, Gauda Kateni', 'NGC662_SAT_0039'),
    ('D', 'college', 'NGC_662', 'DHENKANAL', 'Anchalika (Degree) Mahavidyalaya, Siminai', 'NGC662_ANC_0040'),
    ('D', 'college', 'NGC_662', 'JAGATSINGHPUR', 'Balikuda Women''s (Degree) College, Balikuda', 'NGC662_BAL_0041'),
    ('D', 'college', 'NGC_662', 'JAGATSINGHPUR', 'Sarala Sanskrit (Degree) College', 'NGC662_SAR_0042'),
    ('D', 'college', 'NGC_662', 'JAGATSINGHPUR', 'Baisi Mouza (Degree) College, Purana', 'NGC662_BAI_0043'),
    ('D', 'college', 'NGC_662', 'JAGATSINGHPUR', 'Sidheswar Sanskrit (Degree) College', 'NGC662_SID_0044'),
    ('D', 'college', 'NGC_662', 'JAGATSINGHPUR', 'Brajakishore Sanskrit Degree College, Garhbishnupur', 'NGC662_BRA_0045'),
    ('D', 'college', 'NGC_662', 'JAGATSINGHPUR', 'Sidha Baranga (Degree) College of Education & Technology, Punanga', 'NGC662_SID_0046'),
    ('D', 'college', 'NGC_662', 'JAGATSINGHPUR', 'Biju Pattnaik (Degree) College, Ashrampatna', 'NGC662_BIJ_0047'),
    ('D', 'college', 'NGC_662', 'JAGATSINGHPUR', 'Gadibrahma Women''s (Degree) College, Kaduapada', 'NGC662_GAD_0048'),
    ('D', 'college', 'NGC_662', 'JAGATSINGHPUR', 'Madanmohan Sanskrit (Degree) College', 'NGC662_MAD_0049'),
    ('D', 'college', 'NGC_662', 'JAGATSINGHPUR', 'Brundaban Chandra (Degree) College, Redhua', 'NGC662_BRU_0050'),
    ('D', 'college', 'NGC_662', 'JAGATSINGHPUR', 'Swami Arupananda (Degree) College of Education & Technology, Kurtanga', 'NGC662_SWA_0051'),
    ('D', 'college', 'NGC_662', 'JAGATSINGHPUR', 'Saraswati Sanskrit Mahila (Degree) College', 'NGC662_SAR_0052'),
    ('D', 'college', 'NGC_662', 'JAGATSINGHPUR', 'Baya Abadhuta (Degree) College, Kanimul', 'NGC662_BAY_0053'),
    ('D', 'college', 'NGC_662', 'JAJPUR', 'Kalinga Bharati Sanskrit (Degree) College', 'NGC662_KAL_0054'),
    ('D', 'college', 'NGC_662', 'JAJPUR', 'Maha Binayak Sanskrit (Degree) College', 'NGC662_MAH_0055'),
    ('D', 'college', 'NGC_662', 'JAJPUR', 'Ratnakar Sanskrit (Degree) College', 'NGC662_RAT_0056'),
    ('D', 'college', 'NGC_662', 'JAJPUR', 'Kasinath (Degree) Mahavidyalaya, Kaipada', 'NGC662_KAS_0057'),
    ('D', 'college', 'NGC_662', 'JAJPUR', 'Lachhaman Balajew (Degree) College, Angalo', 'NGC662_LAC_0058'),
    ('D', 'college', 'NGC_662', 'JAJPUR', 'Abhimanyu Samant Singhar (Degree) College, Balia', 'NGC662_ABH_0059'),
    ('D', 'college', 'NGC_662', 'JAJPUR', 'Kadambini Pal Women''s (Degree) College, Rajatota', 'NGC662_KAD_0060'),
    ('D', 'college', 'NGC_662', 'JAJPUR', 'Pravakar Sanskrit (Degree) College', 'NGC662_PRA_0061'),
    ('D', 'college', 'NGC_662', 'JAJPUR', 'Sabitridevi Sanskrit (Degree) College', 'NGC662_SAB_0062'),
    ('D', 'college', 'NGC_662', 'JAJPUR', 'Jhadeswar (Degree) College, Tolkani', 'NGC662_JHA_0063'),
    ('D', 'college', 'NGC_662', 'JAJPUR', 'Regional (Degree) College, Rambag', 'NGC662_REG_0064'),
    ('D', 'college', 'NGC_662', 'JAJPUR', 'Chitalo (Degree) Mahavidyalaya, Chitalo', 'NGC662_CHI_0065'),
    ('D', 'college', 'NGC_662', 'JAJPUR', 'Mangalpur Women''s (Degree) College, Mangalpur', 'NGC662_MAN_0066'),
    ('D', 'college', 'NGC_662', 'JAJPUR', 'Mukundapatra (Degree) College, Balarampur', 'NGC662_MUK_0067'),
    ('D', 'college', 'NGC_662', 'JAJPUR', 'Dharmasala Mahila (Degree) Mahavidyalaya, Dharmasala', 'NGC662_DHA_0068'),
    ('D', 'college', 'NGC_662', 'JAJPUR', 'Sri Dadhibamanjew Sanskrit (Degree) College', 'NGC662_SRI_0069'),
    ('D', 'college', 'NGC_662', 'JAJPUR', 'Sarada Sanskrit (Degree) College', 'NGC662_SAR_0070'),
    ('D', 'college', 'NGC_662', 'JAJPUR', 'Baba Hare Krushna Das (Degree) Mahavidyalaya, Markandpur', 'NGC662_BAB_0071'),
    ('D', 'college', 'NGC_662', 'JAJPUR', 'Mahavir Sanskrit (Degree) College', 'NGC662_MAH_0072'),
    ('D', 'college', 'NGC_662', 'JAJPUR', 'Muktadevi Sanskrit (Degree) College', 'NGC662_MUK_0073'),
    ('D', 'college', 'NGC_662', 'JAJPUR', 'Biraja Women''s (Degree) College, Jajpur', 'NGC662_BIR_0074'),
    ('D', 'college', 'NGC_662', 'JAJPUR', 'Kanhu Charan (Degree) Mahavidyalaya, Korai', 'NGC662_KAN_0075'),
    ('D', 'college', 'NGC_662', 'JAJPUR', 'Maa Tarini (Degree) Mahavidyalaya, Panikoili', 'NGC662_MAA_0076'),
    ('D', 'college', 'NGC_662', 'JAJPUR', 'Brahmabarada Mahavidyalaya , Brahmabarada', 'NGC662_BRA_0077'),
    ('D', 'college', 'NGC_662', 'JAJPUR', 'Barabati Sanskrit (Degree) College', 'NGC662_BAR_0078'),
    ('D', 'college', 'NGC_662', 'JAJPUR', 'Bharati Vihar (Degree) Mahavidyalaya, Haripur', 'NGC662_BHA_0079'),
    ('D', 'college', 'NGC_662', 'JAJPUR', 'Indira Gandhi Mahila (Degree) Mahavidyalaya, Jajpur Road', 'NGC662_IND_0080'),
    ('D', 'college', 'NGC_662', 'KENDRAPARA', 'Laxmi Barah (Degree) College, Ayatpur', 'NGC662_LAX_0081'),
    ('D', 'college', 'NGC_662', 'KENDRAPARA', 'Delta (Degree) College, Bhitarabampu', 'NGC662_DEL_0082'),
    ('D', 'college', 'NGC_662', 'KENDRAPARA', 'Baladevjew Sanskrit (Degree) College', 'NGC662_BAL_0083'),
    ('D', 'college', 'NGC_662', 'KENDRAPARA', 'K.C. Sanskrit Women''s (Degree) College', 'NGC662_KCS_0084'),
    ('D', 'college', 'NGC_662', 'KENDRAPARA', 'Ramachandi Sanskrit (Degree) College', 'NGC662_RAM_0085'),
    ('D', 'college', 'NGC_662', 'KENDRAPARA', 'Sri Laxmi Sanskrit (Degree) College', 'NGC662_SRI_0086'),
    ('D', 'college', 'NGC_662', 'KENDRAPARA', 'Chitrotpala Women''s (Degree) College, Korua', 'NGC662_CHI_0087'),
    ('D', 'college', 'NGC_662', 'KENDRAPARA', 'Dr. Artaballav Mohanty Sanskrit Yoga (Degree) College', 'NGC662_DRA_0088'),
    ('D', 'college', 'NGC_662', 'KENDRAPARA', 'Veer Hanumanjew (Degree) Mahavidyalaya, Nikirai', 'NGC662_VEE_0089'),
    ('D', 'college', 'NGC_662', 'KENDRAPARA', 'Kendrapara Evening (Degree) College, Kendrapara', 'NGC662_KEN_0090'),
    ('D', 'college', 'NGC_662', 'KENDRAPARA', 'Thakur Nigamananda (Degree) Mahavidyalaya, Nigamavihar', 'NGC662_THA_0091'),
    ('D', 'college', 'NGC_662', 'KENDRAPARA', 'Baba Srinibas Das Sanskrit (Degree) College', 'NGC662_BAB_0092'),
    ('D', 'college', 'NGC_662', 'KENDRAPARA', 'Sri Ananta Narayan Sanskrit (Degree) College', 'NGC662_SRI_0093'),
    ('D', 'college', 'NGC_662', 'KENDRAPARA', 'Tulasi Sanskrit (Degree) College', 'NGC662_TUL_0094'),
    ('D', 'college', 'NGC_662', 'KENDRAPARA', 'Barpara (Degree) College, Barpara', 'NGC662_BAR_0095'),
    ('D', 'college', 'NGC_662', 'KENDRAPARA', 'Dadhibamanjew Sanskrit (Degree) College', 'NGC662_DAD_0096'),
    ('D', 'college', 'NGC_662', 'KENDRAPARA', 'Astasambhu Sanskrit (Degree) College', 'NGC662_AST_0097'),
    ('D', 'college', 'NGC_662', 'KHURDA', 'Pratap Sasan (Degree) College, Balakati', 'NGC662_PRA_0098'),
    ('D', 'college', 'NGC_662', 'KHURDA', 'Banamalipur (Degree) College, Banamalipur', 'NGC662_BAN_0099'),
    ('D', 'college', 'NGC_662', 'KHURDA', 'Rama Chandi (Degree) Mahavidyalaya, Gadamanitri', 'NGC662_RAM_0100'),
    ('D', 'college', 'NGC_662', 'KHURDA', 'Raja Madhusudan Dev Degree College of Science & Education, Patia', 'NGC662_RAJ_0101'),
    ('D', 'college', 'NGC_662', 'KHURDA', 'Biju Pattnaik (Degree) College of Science & Education, Jayadev Vihar', 'NGC662_BIJ_0102'),
    ('D', 'college', 'NGC_662', 'KHURDA', 'Maharishi Women''s (Degree) College, Sailashreevihar', 'NGC662_MAH_0103'),
    ('D', 'college', 'NGC_662', 'KHURDA', 'City Women''s (Degree) College, Siripur', 'NGC662_CIT_0104'),
    ('D', 'college', 'NGC_662', 'KHURDA', 'Kali Charan Panchagarh Ananga Narendra (Degree) College, Bankoi', 'NGC662_KAL_0105'),
    ('D', 'college', 'NGC_662', 'KHURDA', 'Raghunath (Degree) College, Deuli', 'NGC662_RAG_0106'),
    ('D', 'college', 'NGC_662', 'KHURDA', 'Sri Radhamadhab Sanskrit (Degree) College', 'NGC662_SRI_0107'),
    ('D', 'college', 'NGC_662', 'KHURDA', 'Sanatan Harichandan (Degree) Mahavidyalaya, Madanpur', 'NGC662_SAN_0108'),
    ('D', 'college', 'NGC_662', 'KHURDA', 'Kabi Prasanna Patasani Anchalika (Degree) Mohavidyalaya, Malipada', 'NGC662_KAB_0109'),
    ('D', 'college', 'NGC_662', 'KHURDA', 'Janata (Degree) College, Kuhudi', 'NGC662_JAN_0110'),
    ('D', 'college', 'NGC_662', 'NAYAGARH', 'Balunkeswar Dev Anchalik (Degree) College', 'NGC662_BAL_0111'),
    ('D', 'college', 'NGC_662', 'NAYAGARH', 'Shree Shree Raghunath Jew (Degree) Mahavidyalaya, Gania', 'NGC662_SHR_0112'),
    ('D', 'college', 'NGC_662', 'NAYAGARH', 'Women''s (Degree) College, Khandapara', 'NGC662_WOM_0113'),
    ('D', 'college', 'NGC_662', 'NAYAGARH', 'Bansidhar (Degree) Mahavidyalaya, Itamati', 'NGC662_BAN_0114'),
    ('D', 'college', 'NGC_662', 'NAYAGARH', 'Sukra Behera (Degree) College, Kendudhipi', 'NGC662_SUK_0115'),
    ('D', 'college', 'NGC_662', 'NAYAGARH', 'Pindikesh Anchalika (Degree) College, Baulasahi', 'NGC662_PIN_0116'),
    ('D', 'college', 'NGC_662', 'NAYAGARH', 'Dadhibaman Jew (Degree) Mahavidyalaya , Bahadajhola', 'NGC662_DAD_0117'),
    ('D', 'college', 'NGC_662', 'NAYAGARH', 'Gatiswar (Degree) College, Malisahi', 'NGC662_GAT_0118'),
    ('D', 'college', 'NGC_662', 'NAYAGARH', 'Dadhibaman Sanskrit (Degree) College, Kural', 'NGC662_DAD_0119'),
    ('D', 'college', 'NGC_662', 'NAYAGARH', 'Saheed Raghu Dibakar (Degree) College, Garhbaniklo', 'NGC662_SAH_0120'),
    ('D', 'college', 'NGC_662', 'NAYAGARH', 'Ranapur Sanskrit (Degree) College', 'NGC662_RAN_0121'),
    ('D', 'college', 'NGC_662', 'PURI', 'Astaranga (Degree) College, Astaranga', 'NGC662_AST_0122'),
    ('D', 'college', 'NGC_662', 'PURI', 'Mahatma Gandhi (Degree) College of Education & Technology, Astaranga', 'NGC662_MAH_0123'),
    ('D', 'college', 'NGC_662', 'PURI', 'Ratanpur Science (Degree) College, Ratanpur', 'NGC662_RAT_0124'),
    ('D', 'college', 'NGC_662', 'PURI', 'Gadibrahma (Degree) College, Delang', 'NGC662_GAD_0125'),
    ('D', 'college', 'NGC_662', 'PURI', 'Kalyanpur (Degree) College, Kalyanpur', 'NGC662_KAL_0126'),
    ('D', 'college', 'NGC_662', 'PURI', 'Konark Women''s (Degree) College, Sarada', 'NGC662_KON_0127'),
    ('D', 'college', 'NGC_662', 'PURI', 'Netrananda Sahu Women''s (Degree) College, Kakatpur', 'NGC662_NET_0128'),
    ('D', 'college', 'NGC_662', 'PURI', 'Dayavihar (Degree) College, Kanas', 'NGC662_DAY_0129'),
    ('D', 'college', 'NGC_662', 'PURI', 'Kanas (Degree) College, Kanas', 'NGC662_KAN_0130'),
    ('D', 'college', 'NGC_662', 'PURI', 'Hariswar Dev Vocational Science (Degree) College, Panaspada', 'NGC662_HAR_0131'),
    ('D', 'college', 'NGC_662', 'PURI', 'Panchayat (Degree) College of Education & Technology, Satapada', 'NGC662_PAN_0132'),
    ('D', 'college', 'NGC_662', 'PURI', 'Indira Gandhi Women''s (Degree) Mahavidyalaya, Nimapara', 'NGC662_IND_0133'),
    ('D', 'college', 'NGC_662', 'PURI', 'Mahatma Gandhi Memorial (Degree) College of Education & Technology, Pubasasan', 'NGC662_MAH_0134'),
    ('D', 'college', 'NGC_662', 'PURI', 'Gopinath Dev (Degree) College, Pratap Purusottampur', 'NGC662_GOP_0135'),
    ('D', 'college', 'NGC_662', 'PURI', 'Shastri Smruti (Degree) Mahavidyalaya, Baliput', 'NGC662_SHA_0136'),
    ('D', 'college', 'NGC_662', 'PURI', 'Raghunath Sanskrit (Degree) College, Brahmanaalandia', 'NGC662_RAG_0137'),
    ('D', 'college', 'NGC_662', 'BALASORE', 'Raghunathjew Nilamani Sanskrit (Degree) College', 'NGC662_RAG_0138'),
    ('D', 'college', 'NGC_662', 'BALASORE', 'Shree Jagannath Sanskrit (Degree) College', 'NGC662_SHR_0139'),
    ('D', 'college', 'NGC_662', 'BALASORE', 'Balangi (Degree) Mahavidyalaya, Sunahat', 'NGC662_BAL_0140'),
    ('D', 'college', 'NGC_662', 'BALASORE', 'Sanskrit (Degree) College, Badakia', 'NGC662_SAN_0141'),
    ('D', 'college', 'NGC_662', 'BALASORE', 'Nagendranath Sanskrit Degree College, Kumbhari', 'NGC662_NAG_0142'),
    ('D', 'college', 'NGC_662', 'BALASORE', 'Kamala Kumari Sanskrit Women''s (Degree) College', 'NGC662_KAM_0143'),
    ('D', 'college', 'NGC_662', 'BALASORE', 'Pathadurga Sanskrit Degree College, Singla', 'NGC662_PAT_0144'),
    ('D', 'college', 'NGC_662', 'BALASORE', 'Kamarda (Degree) Mahavidyalaya, Kamarda', 'NGC662_KAM_0145'),
    ('D', 'college', 'NGC_662', 'BALASORE', 'Narendranath Sanskrit Degree College, Priyabag', 'NGC662_NAR_0146'),
    ('D', 'college', 'NGC_662', 'BALASORE', 'Bagiswari Sanskrit Degree College, Salikotha', 'NGC662_BAG_0147'),
    ('D', 'college', 'NGC_662', 'BALASORE', 'Jagannath (Degree) College, Jaleswar', 'NGC662_JAG_0148'),
    ('D', 'college', 'NGC_662', 'BALASORE', 'Jaleswar Women''s (Degree) College, Jaleswar', 'NGC662_JAL_0149'),
    ('D', 'college', 'NGC_662', 'BALASORE', 'Jambeswar (Degree) Mahavidyalaya, Garsang', 'NGC662_JAM_0150'),
    ('D', 'college', 'NGC_662', 'BALASORE', 'Shyamarai Sanskrit Degree College, Alipur', 'NGC662_SHY_0151'),
    ('D', 'college', 'NGC_662', 'BALASORE', 'Berhampur (Degree) College, Raj-Berhampur', 'NGC662_BER_0152'),
    ('D', 'college', 'NGC_662', 'BALASORE', 'Nilagiri Women''s (Degree) College, Nilagiri', 'NGC662_NIL_0153'),
    ('D', 'college', 'NGC_662', 'BALASORE', 'Nilagiri Sanskrit (Degree) College', 'NGC662_NIL_0154'),
    ('D', 'college', 'NGC_662', 'BALASORE', 'Oupada (Degree) College, Oupada', 'NGC662_OUP_0155'),
    ('D', 'college', 'NGC_662', 'BALASORE', 'Baba Panchalingeswar (Degree) College, Santaragadia', 'NGC662_BAB_0156'),
    ('D', 'college', 'NGC_662', 'BALASORE', 'Chintamani Sanskrit (Degree) College', 'NGC662_CHI_0157'),
    ('D', 'college', 'NGC_662', 'BALASORE', 'Gateswar Sanskrit (Degree) College', 'NGC662_GAT_0158'),
    ('D', 'college', 'NGC_662', 'BALASORE', 'Shri Jagannath (Degree) Educational Foundation, Barunsingh', 'NGC662_SHR_0159'),
    ('D', 'college', 'NGC_662', 'BALASORE', 'Remuna (Degree) College, Remuna', 'NGC662_REM_0160'),
    ('D', 'college', 'NGC_662', 'BALASORE', 'Balikhanda (Degree) College, Balikhanda', 'NGC662_BAL_0161'),
    ('D', 'college', 'NGC_662', 'BALASORE', 'Sukadei Sanskrit (Degree) College', 'NGC662_SUK_0162'),
    ('D', 'college', 'NGC_662', 'BALASORE', 'Srinibas (Degree) College, Mangalpur', 'NGC662_SRI_0163'),
    ('D', 'college', 'NGC_662', 'BALASORE', 'Madhusudan Sanskrit (Degree) College', 'NGC662_MAD_0164'),
    ('D', 'college', 'NGC_662', 'BALASORE', 'Dayanidhi Sanskrit Degree College, Soro', 'NGC662_DAY_0165'),
    ('D', 'college', 'NGC_662', 'BALASORE', 'Soro Women''s (Degree) College, Soro', 'NGC662_SOR_0166'),
    ('D', 'college', 'NGC_662', 'BHADRAK', 'Mandari (Degree) College, Mandari', 'NGC662_MAN_0167'),
    ('D', 'college', 'NGC_662', 'BHADRAK', 'Nabaghana (Degree) College, Karanjadia', 'NGC662_NAB_0168'),
    ('D', 'college', 'NGC_662', 'BHADRAK', 'Barapur (Degree) College, Barapur', 'NGC662_BAR_0169'),
    ('D', 'college', 'NGC_662', 'BHADRAK', 'Kalpataru Sanskrit Degree College, Bansipatna', 'NGC662_KAL_0170'),
    ('D', 'college', 'NGC_662', 'BHADRAK', 'Kalandicharan Sanskrit (Degree) College', 'NGC662_KAL_0171'),
    ('D', 'college', 'NGC_662', 'BHADRAK', 'Utkalmani Gopabandhu Sanskrit (Degree) College', 'NGC662_UTK_0172'),
    ('D', 'college', 'NGC_662', 'BHADRAK', 'Trupti (Degree) Women''s College, Basudevpur', 'NGC662_TRU_0173'),
    ('D', 'college', 'NGC_662', 'BHADRAK', 'Anchalika Sahayoga Sanskrit (Degree) College, Palli', 'NGC662_ANC_0174'),
    ('D', 'college', 'NGC_662', 'BHADRAK', 'Salandi (Degree) Mahavidyalaya, Uttarbahini', 'NGC662_SAL_0175'),
    ('D', 'college', 'NGC_662', 'BHADRAK', 'Nayanamani (Degree) Women''s College, Saradpur', 'NGC662_NAY_0176'),
    ('D', 'college', 'NGC_662', 'BHADRAK', 'Panchayat (Degree) College, Barikipur', 'NGC662_PAN_0177'),
    ('D', 'college', 'NGC_662', 'BHADRAK', 'Jagannath Sanskrit (Degree) College', 'NGC662_JAG_0178'),
    ('D', 'college', 'NGC_662', 'BHADRAK', 'Ghanteswar (Degree) College, Ghanteswar', 'NGC662_GHA_0179'),
    ('D', 'college', 'NGC_662', 'BHADRAK', 'Motto (Degree) College, Motto', 'NGC662_MOT_0180'),
    ('D', 'college', 'NGC_662', 'BHADRAK', 'Babamani (Degree) Mahavidyalaya, Pallasahi', 'NGC662_BAB_0181'),
    ('D', 'college', 'NGC_662', 'BHADRAK', 'Maa Sarada Devi (Degree) College, Kothar', 'NGC662_MAA_0182'),
    ('D', 'college', 'NGC_662', 'BHADRAK', 'Indira Gandhi Memorial (Degree) College of Science & Technology, Rajib Nagar', 'NGC662_IND_0183'),
    ('D', 'college', 'NGC_662', 'BHADRAK', 'Tihidi (Degree) College, Tihidi', 'NGC662_TIH_0184'),
    ('D', 'college', 'NGC_662', 'BHADRAK', 'Binapani Sanskrit (Degree) College', 'NGC662_BIN_0185'),
    ('D', 'college', 'NGC_662', 'KEONJHAR', 'Salbani G.P. (Degree) College, Salabani', 'NGC662_SAL_0186'),
    ('D', 'college', 'NGC_662', 'KEONJHAR', 'Jagannath (Degree) Mahavidyalaya, Nayagarh', 'NGC662_JAG_0187'),
    ('D', 'college', 'NGC_662', 'KEONJHAR', 'Patita Paban (Degree) College, Sainkula', 'NGC662_PAT_0188'),
    ('D', 'college', 'NGC_662', 'KEONJHAR', 'Laxmi Narayan (Degree) College, Pipilia', 'NGC662_LAX_0189'),
    ('D', 'college', 'NGC_662', 'KEONJHAR', 'Mahapat (Degree) Mahavidyalaya, Janghira', 'NGC662_MAH_0190'),
    ('D', 'college', 'NGC_662', 'KEONJHAR', 'Boula (Degree) College, Soso', 'NGC662_BOU_0191'),
    ('D', 'college', 'NGC_662', 'KEONJHAR', 'Biswa Tarini Women''s (Degree) College, Chhenapadi', 'NGC662_BIS_0192'),
    ('D', 'college', 'NGC_662', 'KEONJHAR', 'Anchalika (Degree) Mahavidyalaya, Padmapur', 'NGC662_ANC_0193'),
    ('D', 'college', 'NGC_662', 'KEONJHAR', 'Santosi Maa Regional (Degree) College, Jharbelda', 'NGC662_SAN_0194'),
    ('D', 'college', 'NGC_662', 'KEONJHAR', 'Dadhi Baman (Degree) College, Turumunga', 'NGC662_DAD_0195'),
    ('D', 'college', 'NGC_662', 'KEONJHAR', 'Regional (Degree) College, Udayapur', 'NGC662_REG_0196'),
    ('D', 'college', 'NGC_662', 'MAYURBHANJ', 'Baripada (Degree) College, Baripada', 'NGC662_BAR_0197'),
    ('D', 'college', 'NGC_662', 'MAYURBHANJ', 'Sri Rama Chandra Bhanj (Degree) College, Ragdha', 'NGC662_SRI_0198'),
    ('D', 'college', 'NGC_662', 'MAYURBHANJ', 'Mahatma Gandhi (Degree) Mahavidyalaya, Baisingha', 'NGC662_MAH_0199'),
    ('D', 'college', 'NGC_662', 'MAYURBHANJ', 'Kalinga (Degree) College, Manada', 'NGC662_KAL_0200'),
    ('D', 'college', 'NGC_662', 'MAYURBHANJ', 'Anchalika (Degree) Mahavidyalaya, Puruna Baripada', 'NGC662_ANC_0201'),
    ('D', 'college', 'NGC_662', 'MAYURBHANJ', 'Jamada Anchalika (Degree) Mahavidyalaya, Talagaon', 'NGC662_JAM_0202'),
    ('D', 'college', 'NGC_662', 'MAYURBHANJ', 'Kaptipada (Degree) College, Nuasahi', 'NGC662_KAP_0203'),
    ('D', 'college', 'NGC_662', 'MAYURBHANJ', 'Bholanath Sanskrit (Degree) College', 'NGC662_BHO_0204'),
    ('D', 'college', 'NGC_662', 'MAYURBHANJ', 'Raghunath (Degree) Mahavidyalaya , Kadadiha', 'NGC662_RAG_0205'),
    ('D', 'college', 'NGC_662', 'MAYURBHANJ', 'Panchapir Women''s (Degree) College, Panchapir', 'NGC662_PAN_0206'),
    ('D', 'college', 'NGC_662', 'MAYURBHANJ', 'Khunta (Degree) Mahavidyalaya, Khunta', 'NGC662_KHU_0207'),
    ('D', 'college', 'NGC_662', 'MAYURBHANJ', 'Badampahar (Degree) College, Badampahar', 'NGC662_BAD_0208'),
    ('D', 'college', 'NGC_662', 'MAYURBHANJ', 'Gorumahisani Iron (Degree) College, Gorumahisani', 'NGC662_GOR_0209'),
    ('D', 'college', 'NGC_662', 'MAYURBHANJ', 'Saheed Memorial (Degree) College, Manada', 'NGC662_SAH_0210'),
    ('D', 'college', 'NGC_662', 'MAYURBHANJ', 'Basudev Sanskrit Degree College, Totapara', 'NGC662_BAS_0211'),
    ('D', 'college', 'NGC_662', 'MAYURBHANJ', 'Banabhumi (Degree) Mahavidyalaya, Rangamatia', 'NGC662_BAN_0212'),
    ('D', 'college', 'NGC_662', 'MAYURBHANJ', 'Sukruli (Degree) College, Sukruli', 'NGC662_SUK_0213'),
    ('D', 'college', 'NGC_662', 'MAYURBHANJ', 'Panchayat Samiti (Degree) College, Suliapada', 'NGC662_PAN_0214'),
    ('D', 'college', 'NGC_662', 'MAYURBHANJ', 'Maa Basuli (Degree) Mahavidyalaya, Thakurmunda', 'NGC662_MAA_0215'),
    ('D', 'college', 'NGC_662', 'MAYURBHANJ', 'Rohi Das Soren (Degree) Mahavidyalaya, Kundabai', 'NGC662_ROH_0216'),
    ('D', 'college', 'NGC_662', 'MAYURBHANJ', 'Luipa (Degree) Mahavidyalaya, Radho', 'NGC662_LUI_0217'),
    ('D', 'college', 'NGC_662', 'BOUDH', 'Maa Maheswari (Degree) College, Bausuni', 'NGC662_MAA_0218'),
    ('D', 'college', 'NGC_662', 'BOUDH', 'Bhairabi Degree (Degree) College, Purunakatak', 'NGC662_BHA_0219'),
    ('D', 'college', 'NGC_662', 'GAJAPATI', 'Meena Ketan (Degree) College, Gurandi', 'NGC662_MEE_0220'),
    ('D', 'college', 'NGC_662', 'GAJAPATI', 'Sriram (Degree) College, Kasinagar', 'NGC662_SRI_0221'),
    ('D', 'college', 'NGC_662', 'GAJAPATI', 'Hill Top (Degree) College, Mohana', 'NGC662_HIL_0222'),
    ('D', 'college', 'NGC_662', 'GAJAPATI', 'Indira Memorial (Degree) College, Chandiput', 'NGC662_IND_0223'),
    ('D', 'college', 'NGC_662', 'GAJAPATI', 'Women''s (Degree) College, Paralakhemundi', 'NGC662_WOM_0224'),
    ('D', 'college', 'NGC_662', 'GANJAM', 'Mac Micle Sanskrit (Degree) College', 'NGC662_MAC_0225'),
    ('D', 'college', 'NGC_662', 'GANJAM', 'Anchalika (Degree) Science College, Kshetriyabarapur', 'NGC662_ANC_0226'),
    ('D', 'college', 'NGC_662', 'GANJAM', 'Bellaguntha Science (Degree) College, Bellaguntha', 'NGC662_BEL_0227'),
    ('D', 'college', 'NGC_662', 'GANJAM', 'Dandapani Maharatha Science (Degree) College, Gallery', 'NGC662_DAN_0228'),
    ('D', 'college', 'NGC_662', 'GANJAM', 'Anchalika Science (Degree) College, Ballipadar', 'NGC662_ANC_0229'),
    ('D', 'college', 'NGC_662', 'GANJAM', 'Khetra Mohan Science (Degree) College, Narendrapur', 'NGC662_KHE_0230'),
    ('D', 'college', 'NGC_662', 'GANJAM', 'Nursingha Nath (Degree) Mahavidyalaya, Mahanadpur', 'NGC662_NUR_0231'),
    ('D', 'college', 'NGC_662', 'GANJAM', 'Chhatrapur Women''s (Degree) College, Chhatrapur', 'NGC662_CHH_0232'),
    ('D', 'college', 'NGC_662', 'GANJAM', 'Ramjee (Degree) Mahavidyalaya, Bhismagiri', 'NGC662_RAM_0233'),
    ('D', 'college', 'NGC_662', 'GANJAM', 'Biju Patnaik Women''s (Degree) College, Digapahandi', 'NGC662_BIJ_0234'),
    ('D', 'college', 'NGC_662', 'GANJAM', 'Saheed Bhagat Singh (Degree) College, Khandadeuli', 'NGC662_SAH_0235'),
    ('D', 'college', 'NGC_662', 'GANJAM', 'Sri Beleswar (Degree) Mahavidyalaya, Gondala', 'NGC662_SRI_0236'),
    ('D', 'college', 'NGC_662', 'GANJAM', 'Anchalika (Degree) Mahavidyalaya, Jagannathprasad', 'NGC662_ANC_0237'),
    ('D', 'college', 'NGC_662', 'GANJAM', 'Dr. Ghanashyam Mishra Sanskrit (Degree) College', 'NGC662_DRG_0238'),
    ('D', 'college', 'NGC_662', 'GANJAM', 'Keshpur (Degree) College, Panditgaon', 'NGC662_KES_0239'),
    ('D', 'college', 'NGC_662', 'GANJAM', 'Sri Jaganath Mahavidyalaya, Rambha', 'NGC662_SRI_0240'),
    ('D', 'college', 'NGC_662', 'GANJAM', 'Rama Narayan (Degree) College, Dura', 'NGC662_RAM_0241'),
    ('D', 'college', 'NGC_662', 'GANJAM', 'Udaya Pratap Science (Degree) College, Sheragada', 'NGC662_UDA_0242'),
    ('D', 'college', 'NGC_662', 'GANJAM', 'Rushikulya (Degree) College, Surada', 'NGC662_RUS_0243'),
    ('D', 'college', 'NGC_662', 'KANDHAMAL', 'Kuidana Indira Gandhi Memorial (Degree) College, Lilnepade', 'NGC662_KUI_0244'),
    ('D', 'college', 'NGC_662', 'KANDHAMAL', 'Rusimal (Degree) Mahavidyalaya, Bamunigam', 'NGC662_RUS_0245'),
    ('D', 'college', 'NGC_662', 'KANDHAMAL', 'Kandhamal (Degree) Mahavidyalaya, Sarangagada', 'NGC662_KAN_0246'),
    ('D', 'college', 'NGC_662', 'KANDHAMAL', 'Panchyat (Degree) College, Phiringa', 'NGC662_PAN_0247'),
    ('D', 'college', 'NGC_662', 'KANDHAMAL', 'Netaji Subash Boss (Degree) College, Tumudibandha', 'NGC662_NET_0248'),
    ('D', 'college', 'NGC_662', 'BARGARH', 'Mahatma Gandhi (Degree) College, Bhukta', 'NGC662_MAH_0249'),
    ('D', 'college', 'NGC_662', 'BARGARH', 'Katapali (Degree) College, Katapali', 'NGC662_KAT_0250'),
    ('D', 'college', 'NGC_662', 'BARGARH', 'Tora (Degree) College, Tora', 'NGC662_TOR_0251'),
    ('D', 'college', 'NGC_662', 'BARGARH', 'Trust Fund (Degree) College, Bargarh', 'NGC662_TRU_0252'),
    ('D', 'college', 'NGC_662', 'BARGARH', 'Shree Jagannath Sank. (Degree) College', 'NGC662_SHR_0253'),
    ('D', 'college', 'NGC_662', 'BARGARH', 'Remunda (Degree) College, Remunda', 'NGC662_REM_0254'),
    ('D', 'college', 'NGC_662', 'BARGARH', 'Panchayat Samiti (Degree) College, Jharbandh', 'NGC662_PAN_0255'),
    ('D', 'college', 'NGC_662', 'BARGARH', 'Women''s (Degree) College, Padampur', 'NGC662_WOM_0256'),
    ('D', 'college', 'NGC_662', 'BARGARH', 'Vindhya Vasini (Degree) College, Paikmal', 'NGC662_VIN_0257'),
    ('D', 'college', 'NGC_662', 'BARGARH', 'Mandosil (Degree) College, Mandosil', 'NGC662_MAN_0258'),
    ('D', 'college', 'NGC_662', 'BARGARH', 'Lalajee Gopaljee Sansk.(Degree) College', 'NGC662_LAL_0259'),
    ('D', 'college', 'NGC_662', 'BALANGIR', 'Agalpur (Degree) Science College, Agalpur', 'NGC662_AGA_0260'),
    ('D', 'college', 'NGC_662', 'BALANGIR', 'Jagannath (Degree) College, Sahajbahal', 'NGC662_JAG_0261'),
    ('D', 'college', 'NGC_662', 'BALANGIR', 'Sudam Charan (Degree) College, Chandanbhati', 'NGC662_SUD_0262'),
    ('D', 'college', 'NGC_662', 'BALANGIR', 'Panchayat Samiti (Degree) College, Bangomunda', 'NGC662_PAN_0263'),
    ('D', 'college', 'NGC_662', 'BALANGIR', 'Panchayat Samiti (Degree) College, Deogaon', 'NGC662_PAN_0264'),
    ('D', 'college', 'NGC_662', 'BALANGIR', 'Saswat (Degree) Mahavidyalaya, Jarasingha', 'NGC662_SAS_0265'),
    ('D', 'college', 'NGC_662', 'BALANGIR', 'Women''s (Degree) College, Kantabanji', 'NGC662_WOM_0266'),
    ('D', 'college', 'NGC_662', 'BALANGIR', 'Panchayat (Degree) College, Lathor', 'NGC662_PAN_0267'),
    ('D', 'college', 'NGC_662', 'BALANGIR', 'Anchalik (Degree) Mahavidyalaya, Kushang', 'NGC662_ANC_0268'),
    ('D', 'college', 'NGC_662', 'BALANGIR', 'Panchayat Samiti (Degree) College, Muribahal', 'NGC662_PAN_0269'),
    ('D', 'college', 'NGC_662', 'BALANGIR', 'Jyoti Vikash (Degree) College, Bhainsa', 'NGC662_JYO_0270'),
    ('D', 'college', 'NGC_662', 'BALANGIR', 'Panchayat Samiti (Degree) College, Ghasian', 'NGC662_PAN_0271'),
    ('D', 'college', 'NGC_662', 'BALANGIR', 'Patneswari Women''s (Degree) College, Patnagarh', 'NGC662_PAT_0272'),
    ('D', 'college', 'NGC_662', 'BALANGIR', 'Mahimunda (Degree) College, Mahimunda', 'NGC662_MAH_0273'),
    ('D', 'college', 'NGC_662', 'BALANGIR', 'Radheshyam Anchalik (Degree) College, Bilaisarda', 'NGC662_RAD_0274'),
    ('D', 'college', 'NGC_662', 'BALANGIR', 'Tusra (Degree) College, Tusra', 'NGC662_TUS_0275'),
    ('D', 'college', 'NGC_662', 'DEOGARH', 'Panchayat (Degree) College, Kalla', 'NGC662_PAN_0276'),
    ('D', 'college', 'NGC_662', 'DEOGARH', 'Panchayat Samiti Snatak (Degree) Mahavidyalaya, Barkote', 'NGC662_PAN_0277'),
    ('D', 'college', 'NGC_662', 'DEOGARH', 'Deogarh Women''s (Degree) College, Deogarh', 'NGC662_DEO_0278'),
    ('D', 'college', 'NGC_662', 'DEOGARH', 'Palsama Science (Degree) College, Palsama', 'NGC662_PAL_0279'),
    ('D', 'college', 'NGC_662', 'DEOGARH', 'Panchayat Samiti (Degree) College, Budhapal', 'NGC662_PAN_0280'),
    ('D', 'college', 'NGC_662', 'DEOGARH', 'Reamal (Degree) College, Reamal', 'NGC662_REA_0281'),
    ('D', 'college', 'NGC_662', 'DEOGARH', 'Swami Sivananda Sanskrit (Degree) College', 'NGC662_SWA_0282'),
    ('D', 'college', 'NGC_662', 'DEOGARH', 'Ekalabya Panchayat Samiti (Degree) College, Kansar', 'NGC662_EKA_0283'),
    ('D', 'college', 'NGC_662', 'JHARSUGUDA', 'Belpahar (Degree) College, Belpahar', 'NGC662_BEL_0284'),
    ('D', 'college', 'NGC_662', 'JHARSUGUDA', 'Pradosh Kumar Smruti Smaraki (Degree) College, H. Katapali', 'NGC662_PRA_0285'),
    ('D', 'college', 'NGC_662', 'JHARSUGUDA', 'Sovan Memorial Panchayat (Degree) College, Kirmira', 'NGC662_SOV_0286'),
    ('D', 'college', 'NGC_662', 'JHARSUGUDA', 'Panchayat Samiti (Degree) College, Kolabira', 'NGC662_PAN_0287'),
    ('D', 'college', 'NGC_662', 'JHARSUGUDA', 'Panchayat Samiti (Degree) College, Laikera', 'NGC662_PAN_0288'),
    ('D', 'college', 'NGC_662', 'JHARSUGUDA', 'Panchayat Anchalik (Degree) Mahavidyalaya, Kumarbandh', 'NGC662_PAN_0289'),
    ('D', 'college', 'NGC_662', 'JHARSUGUDA', 'Mahima (Degree) College, Mahimapuram', 'NGC662_MAH_0290'),
    ('D', 'college', 'NGC_662', 'KALAHANDI', 'Chandrika Jain (Degree) Mahavidyalaya, Borda', 'NGC662_CHA_0291'),
    ('D', 'college', 'NGC_662', 'KALAHANDI', 'Karlapada (Degree) College, Karlapada', 'NGC662_KAR_0292'),
    ('D', 'college', 'NGC_662', 'KALAHANDI', 'J.P. Sandhya (Degree) Mahavidyalaya, Bhawanipatna', 'NGC662_JPS_0293'),
    ('D', 'college', 'NGC_662', 'KALAHANDI', 'Dharamgarh (Degree) Women''s College, Dharamgarh', 'NGC662_DHA_0294'),
    ('D', 'college', 'NGC_662', 'KALAHANDI', 'Sarbamangala (Degree) College, Golamunda', 'NGC662_SAR_0295'),
    ('D', 'college', 'NGC_662', 'KALAHANDI', 'Maharani Kasturika Modini Devi (Degree) Mahavidyalaya, Kalampur', 'NGC662_MAH_0296'),
    ('D', 'college', 'NGC_662', 'KALAHANDI', 'Jagannath (Degree) College, Risida', 'NGC662_JAG_0297'),
    ('D', 'college', 'NGC_662', 'KALAHANDI', 'Panchayat (Degree) Mahavidyalaya, Belkhandi', 'NGC662_PAN_0298'),
    ('D', 'college', 'NGC_662', 'KALAHANDI', 'Panchayat Samiti (Degree) Mahavidyalaya, Koksara', 'NGC662_PAN_0299'),
    ('D', 'college', 'NGC_662', 'KALAHANDI', 'Maa Heera Neela (Degree) Mahavidyalaya, Biswanathpur', 'NGC662_MAA_0300'),
    ('D', 'college', 'NGC_662', 'NUAPADA', 'Biju Pattnaik (Degree) College, Boden', 'NGC662_BIJ_0301'),
    ('D', 'college', 'NGC_662', 'NUAPADA', 'K.M. (Degree) College, Tukla', 'NGC662_KMD_0302'),
    ('D', 'college', 'NGC_662', 'NUAPADA', 'Panchayat Samiti (Degree) College, Komna', 'NGC662_PAN_0303'),
    ('D', 'college', 'NGC_662', 'SAMBALPUR', 'Basudev Godabari (Degree) College, Kesaibahal', 'NGC662_BAS_0304'),
    ('D', 'college', 'NGC_662', 'SAMBALPUR', 'Saraswat (Degree) Mahavidyalaya, Godbhaga', 'NGC662_SAR_0305'),
    ('D', 'college', 'NGC_662', 'SAMBALPUR', 'Jamankira (Degree) College, Jamankira', 'NGC662_JAM_0306'),
    ('D', 'college', 'NGC_662', 'SAMBALPUR', 'Parbati Giri Arts (Degree) College, Mahulpali', 'NGC662_PAR_0307'),
    ('D', 'college', 'NGC_662', 'SAMBALPUR', 'Maa Jhadeswari (Degree) College, Dhama', 'NGC662_MAA_0308'),
    ('D', 'college', 'NGC_662', 'SAMBALPUR', 'Naktideul (Degree) College, Naktideul', 'NGC662_NAK_0309'),
    ('D', 'college', 'NGC_662', 'SUBARNAPUR', 'Siddhartha (Degree) College, Binka', 'NGC662_SID_0310'),
    ('D', 'college', 'NGC_662', 'SUBARNAPUR', 'Gram Panchayat (Degree) College, Lachhipur', 'NGC662_GRA_0311'),
    ('D', 'college', 'NGC_662', 'SUBARNAPUR', 'Biju Pattnaik Women''s (Degree) College, Sonepur', 'NGC662_BIJ_0312'),
    ('D', 'college', 'NGC_662', 'SUBARNAPUR', 'Panchayat Samiti (Degree) College, Ullunda', 'NGC662_PAN_0313'),
    ('D', 'college', 'NGC_662', 'SUNDARGARH', 'Kinjirkela (Degree) College, Kinjirkela', 'NGC662_KIN_0314'),
    ('D', 'college', 'NGC_662', 'SUNDARGARH', 'Panchayat Samiti (Degree) College, Bargaon', 'NGC662_PAN_0315'),
    ('D', 'college', 'NGC_662', 'SUNDARGARH', 'Jadupati (Degree) College, Sihidia', 'NGC662_JAD_0316'),
    ('D', 'college', 'NGC_662', 'SUNDARGARH', 'Maa Manikeswari (Degree) College, Garh-Tumulia', 'NGC662_MAA_0317'),
    ('D', 'college', 'NGC_662', 'SUNDARGARH', 'Koida (Degree) College, Koida', 'NGC662_KOI_0318'),
    ('D', 'college', 'NGC_662', 'SUNDARGARH', 'Lahunipara (Degree) College, Lahunipara', 'NGC662_LAH_0319'),
    ('D', 'college', 'NGC_662', 'SUNDARGARH', 'Lephripara (Degree) College, Lephripara', 'NGC662_LEP_0320'),
    ('D', 'college', 'NGC_662', 'SUNDARGARH', 'Hrushikesh Ray (Degree) Mahavidyalaya, Chhend', 'NGC662_HRU_0321'),
    ('D', 'college', 'NGC_662', 'SUNDARGARH', 'Kalyani Ray (Degree) Mahavidyalaya, Hamirpur', 'NGC662_KAL_0322'),
    ('D', 'college', 'NGC_662', 'SUNDARGARH', 'College of Arts, Science & Technology (Degree), Bondamunda', 'NGC662_COL_0323'),
    ('D', 'college', 'NGC_662', 'SUNDARGARH', 'Anchalik Sahayog (Degree) College, Subdega', 'NGC662_ANC_0324'),
    ('D', 'college', 'NGC_662', 'SUNDARGARH', 'Illa Memorial Panchayat Samiti (Degree) College, Kinjirma', 'NGC662_ILL_0325'),
    ('D', 'college', 'NGC_662', 'SUNDARGARH', 'Jasoda Bishnu (Degree) College, Sardhapali', 'NGC662_JAS_0326'),
    ('D', 'college', 'NGC_662', 'SUNDARGARH', 'Maharshi Dayanand (Degree) Mahavidyalaya & Higher Education, Garh-Mahulpali', 'NGC662_MAH_0327'),
    ('D', 'college', 'NGC_662', 'KORAPUT', 'Biju Patnaik (Degree) College, Kundra', 'NGC662_BIJ_0328'),
    ('D', 'college', 'NGC_662', 'KORAPUT', 'Laxmipur (Degree) College, Laxmipur', 'NGC662_LAX_0329'),
    ('D', 'college', 'NGC_662', 'KORAPUT', 'Sindhadebi (Degree) Mahavidyalaya, Nandapur', 'NGC662_SIN_0330'),
    ('D', 'college', 'NGC_662', 'KORAPUT', 'Gangeswari (Degree) Mahavidyalaya, Pottangi', 'NGC662_GAN_0331'),
    ('D', 'college', 'NGC_662', 'KORAPUT', 'Sunabedha Women''s (Degree) College, Koraput', 'NGC662_SUN_0332'),
    ('D', 'college', 'NGC_662', 'MALKANGIRI', 'Gopabandhu Anchalika (Degree) Mahavidyalaya, Kalimela', 'NGC662_GOP_0333'),
    ('D', 'college', 'NGC_662', 'MALKANGIRI', 'Biju Patnaik (Degree) College of Education, Govindapali', 'NGC662_BIJ_0334'),
    ('D', 'college', 'NGC_662', 'MALKANGIRI', 'Darwin Memorial (Degree) College, Kudumulugumma', 'NGC662_DAR_0335'),
    ('D', 'college', 'NGC_662', 'NABARANGPUR', 'Panabedha (Degree) Mahavidyalaya, Chandahandi', 'NGC662_PAN_0336'),
    ('D', 'college', 'NGC_662', 'NABARANGPUR', 'Bhairab (Degree) College, Dabugan', 'NGC662_BHA_0337'),
    ('D', 'college', 'NGC_662', 'NABARANGPUR', 'Nabarangpur Women''s (Degree) College, Nabarangpur', 'NGC662_NAB_0338'),
    ('D', 'college', 'NGC_662', 'RAYAGADA', 'Maa Markama (Degree) College, Bisam Cuttack', 'NGC662_MAA_0339'),
    ('D', 'college', 'NGC_662', 'RAYAGADA', 'Science (Degree) College, Gudari', 'NGC662_SCI_0340'),
    ('D', 'college', 'NGC_662', 'RAYAGADA', 'Thyarama (Degree) Women''s College, Gunupur', 'NGC662_THY_0341'),
    ('D', 'college', 'NGC_662', 'RAYAGADA', 'Muniguda (Degree) College, Gobardhana', 'NGC662_MUN_0342'),
    ('D', 'college', 'NGC_662', 'RAYAGADA', 'R.G. (Degree) College, Padmapur', 'NGC662_RGD_0343');


-- =====================================================================
-- ANNEXURE E: SANSKRIT COLLEGES (136 records)
-- =====================================================================
INSERT INTO hed_institution (annexure, branch_code, sub_type_code, district_code, name, code) VALUES

    ('E', 'college', 'SC', 'ANGUL', 'Jadunath Sanskrit (Degree) College', 'SC_JAD_0000'),
    ('E', 'college', 'SC', 'CUTTACK', 'Dr. Hare KrishnaMahtab Adarsa Sanskrit (Degree) College', 'SC_DRH_0001'),
    ('E', 'college', 'SC', 'CUTTACK', 'Trinathpur Miradevi Sanskrit (Degree) College', 'SC_TRI_0002'),
    ('E', 'college', 'SC', 'CUTTACK', 'Mahapurush Achyutananda Sanskrit (Degree) College', 'SC_MAH_0003'),
    ('E', 'college', 'SC', 'CUTTACK', 'Atmaram Sanskrit (Degree) College', 'SC_ATM_0004'),
    ('E', 'college', 'SC', 'CUTTACK', 'Beleswar Mahadev Sanskrit (Degree) College', 'SC_BEL_0005'),
    ('E', 'college', 'SC', 'CUTTACK', 'Maa Sarala Sanskrit (Degree) College', 'SC_MAA_0006'),
    ('E', 'college', 'SC', 'JAGATSINGHPUR', 'Sarala Sanskrit (Degree) College', 'SC_SAR_0007'),
    ('E', 'college', 'SC', 'JAGATSINGHPUR', 'Sidheswar Sanskrit (Degree) College', 'SC_SID_0008'),
    ('E', 'college', 'SC', 'JAGATSINGHPUR', 'Brajakishore Sanskrit Degree College, Garhbishnupur', 'SC_BRA_0009'),
    ('E', 'college', 'SC', 'JAGATSINGHPUR', 'Madanmohan Sanskrit (Degree) College', 'SC_MAD_0010'),
    ('E', 'college', 'SC', 'JAGATSINGHPUR', 'Saraswati Sanskrit Mahila (Degree) College', 'SC_SAR_0011'),
    ('E', 'college', 'SC', 'JAGATSINGHPUR', 'Ananta Sanskrit (Degree) College', 'SC_ANA_0012'),
    ('E', 'college', 'SC', 'JAGATSINGHPUR', 'Bijaya Chand Sanskrit (Degree) College', 'SC_BIJ_0013'),
    ('E', 'college', 'SC', 'JAGATSINGHPUR', 'Laxmi Nrusingha Sanskrit (Degree) College', 'SC_LAX_0014'),
    ('E', 'college', 'SC', 'JAGATSINGHPUR', 'Brajakishore Sanskrit (Degree) College', 'SC_BRA_0015'),
    ('E', 'college', 'SC', 'JAGATSINGHPUR', 'Chin Main Sanskrit (Degree) College', 'SC_CHI_0016'),
    ('E', 'college', 'SC', 'JAGATSINGHPUR', 'Sekhareswar Sanskrit (Degree) College', 'SC_SEK_0017'),
    ('E', 'college', 'SC', 'JAJPUR', 'Kalinga Bharati Sanskrit (Degree) College', 'SC_KAL_0018'),
    ('E', 'college', 'SC', 'JAJPUR', 'Maha Binayak Sanskrit (Degree) College', 'SC_MAH_0019'),
    ('E', 'college', 'SC', 'JAJPUR', 'Ratnakar Sanskrit (Degree) College', 'SC_RAT_0020'),
    ('E', 'college', 'SC', 'JAJPUR', 'Pravakar Sanskrit (Degree) College', 'SC_PRA_0021'),
    ('E', 'college', 'SC', 'JAJPUR', 'Sabitridevi Sanskrit (Degree) College', 'SC_SAB_0022'),
    ('E', 'college', 'SC', 'JAJPUR', 'Sri Dadhibamanjew Sanskrit (Degree) College', 'SC_SRI_0023'),
    ('E', 'college', 'SC', 'JAJPUR', 'Sarada Sanskrit (Degree) College', 'SC_SAR_0024'),
    ('E', 'college', 'SC', 'JAJPUR', 'Mahavir Sanskrit (Degree) College', 'SC_MAH_0025'),
    ('E', 'college', 'SC', 'JAJPUR', 'Muktadevi Sanskrit (Degree) College', 'SC_MUK_0026'),
    ('E', 'college', 'SC', 'JAJPUR', 'Barabati Sanskrit (Degree) College', 'SC_BAR_0027'),
    ('E', 'college', 'SC', 'JAJPUR', 'Biraja Sanskrit (Degree) College', 'SC_BIR_0028'),
    ('E', 'college', 'SC', 'JAJPUR', 'Kasinath Sanskrit (Degree) College', 'SC_KAS_0029'),
    ('E', 'college', 'SC', 'JAJPUR', 'Bidyadhar Sanskrit Siksha Niketan (Degree) College', 'SC_BID_0030'),
    ('E', 'college', 'SC', 'JAJPUR', 'Nuri Sanskrit (Degree) College', 'SC_NUR_0031'),
    ('E', 'college', 'SC', 'JAJPUR', 'Durgamadhab Sanskrit (Degree) College', 'SC_DUR_0032'),
    ('E', 'college', 'SC', 'JAJPUR', 'Saptaratna Sanskrit (Degree) College', 'SC_SAP_0033'),
    ('E', 'college', 'SC', 'KENDRAPARA', 'Baladevjew Sanskrit (Degree) College', 'SC_BAL_0034'),
    ('E', 'college', 'SC', 'KENDRAPARA', 'K.C. Sanskrit Women''s (Degree) College', 'SC_KCS_0035'),
    ('E', 'college', 'SC', 'KENDRAPARA', 'Ramachandi Sanskrit (Degree) College', 'SC_RAM_0036'),
    ('E', 'college', 'SC', 'KENDRAPARA', 'Sri Laxmi Sanskrit (Degree) College', 'SC_SRI_0037'),
    ('E', 'college', 'SC', 'KENDRAPARA', 'Dr. Artaballav Mohanty Sanskrit Yoga (Degree) College', 'SC_DRA_0038'),
    ('E', 'college', 'SC', 'KENDRAPARA', 'Baba Srinibas Das Sanskrit (Degree) College', 'SC_BAB_0039'),
    ('E', 'college', 'SC', 'KENDRAPARA', 'Sri Ananta Narayan Sanskrit (Degree) College', 'SC_SRI_0040'),
    ('E', 'college', 'SC', 'KENDRAPARA', 'Tulasi Sanskrit (Degree) College', 'SC_TUL_0041'),
    ('E', 'college', 'SC', 'KENDRAPARA', 'Dadhibamanjew Sanskrit (Degree) College', 'SC_DAD_0042'),
    ('E', 'college', 'SC', 'KENDRAPARA', 'Astasambhu Sanskrit (Degree) College', 'SC_AST_0043'),
    ('E', 'college', 'SC', 'KENDRAPARA', 'Gopinathpur Sanskrit (Degree) College', 'SC_GOP_0044'),
    ('E', 'college', 'SC', 'KENDRAPARA', 'Abhaya Ayurved Sanskrit (Degree) College', 'SC_ABH_0045'),
    ('E', 'college', 'SC', 'KENDRAPARA', 'Sailendra Narayan Sanskrit (Degree) College', 'SC_SAI_0046'),
    ('E', 'college', 'SC', 'KENDRAPARA', 'Bagdevi Sanskrit (Degree) College', 'SC_BAG_0047'),
    ('E', 'college', 'SC', 'KENDRAPARA', 'Sidhakshetrabasi Baba Sanskrit (Degree) College', 'SC_SID_0048'),
    ('E', 'college', 'SC', 'KENDRAPARA', 'Bata Baba Sanskrit (Degree) College', 'SC_BAT_0049'),
    ('E', 'college', 'SC', 'KENDRAPARA', 'Mayananda Sanskrit (Degree) College', 'SC_MAY_0050'),
    ('E', 'college', 'SC', 'KENDRAPARA', 'Dayanidhi Sanskrit Degree College, Potari', 'SC_DAY_0051'),
    ('E', 'college', 'SC', 'KENDRAPARA', 'Maa Sarala Sanskrit Degree College, Marshaghai', 'SC_MAA_0052'),
    ('E', 'college', 'SC', 'KENDRAPARA', 'Shri Radharaman Sanskrit (Degree) College', 'SC_SHR_0053'),
    ('E', 'college', 'SC', 'KENDRAPARA', 'Sadhabhuja Gouranga Sanskrit (Degree) College', 'SC_SAD_0054'),
    ('E', 'college', 'SC', 'KENDRAPARA', 'N.K.N.K. Sanskrit (Degree) College', 'SC_NKN_0055'),
    ('E', 'college', 'SC', 'KHURDA', 'Sri Radhamadhab Sanskrit (Degree) College', 'SC_SRI_0056'),
    ('E', 'college', 'SC', 'KHURDA', 'K.C.G. Sanskrit (Degree) College', 'SC_KCG_0057'),
    ('E', 'college', 'SC', 'KHURDA', 'Ananda Chandra Sanskrit (Degree) College', 'SC_ANA_0058'),
    ('E', 'college', 'SC', 'KHURDA', 'Raghunath Dev Sanskrit (Degree) College', 'SC_RAG_0059'),
    ('E', 'college', 'SC', 'KHURDA', 'Jayadev Sanskrit (Degree) College, Begunia', 'SC_JAY_0060'),
    ('E', 'college', 'SC', 'KHURDA', 'Satyabadi Sanskrit (Degree) College', 'SC_SAT_0061'),
    ('E', 'college', 'SC', 'KHURDA', 'Souri Charan Sanskrit (Degree) College', 'SC_SOU_0062'),
    ('E', 'college', 'SC', 'NAYAGARH', 'Dadhibaman Sanskrit (Degree) College, Kural', 'SC_DAD_0063'),
    ('E', 'college', 'SC', 'NAYAGARH', 'Ranapur Sanskrit (Degree) College', 'SC_RAN_0064'),
    ('E', 'college', 'SC', 'NAYAGARH', 'Banavasi Sadhu Charan Sanskrit (Degree) College, Poibadi', 'SC_BAN_0065'),
    ('E', 'college', 'SC', 'NAYAGARH', 'Pradipta Ray Sanskrit (Degree) College, Madhyakhanda', 'SC_PRA_0066'),
    ('E', 'college', 'SC', 'NAYAGARH', 'Kabi Jadumani Sanskrit (Degree) College', 'SC_KAB_0067'),
    ('E', 'college', 'SC', 'NAYAGARH', 'Minaketan Memorial Sanskrit (Degree) College', 'SC_MIN_0068'),
    ('E', 'college', 'SC', 'PURI', 'Raghunath Sanskrit (Degree) College, Brahmanaalandia', 'SC_RAG_0069'),
    ('E', 'college', 'SC', 'PURI', 'Astaranga Sanskrit (Degree) College', 'SC_AST_0070'),
    ('E', 'college', 'SC', 'PURI', 'Baba Bhimeswar Sanskrit (Degree) College', 'SC_BAB_0071'),
    ('E', 'college', 'SC', 'PURI', 'Brahma Vihar Sanskrit (Degree) College', 'SC_BRA_0072'),
    ('E', 'college', 'SC', 'PURI', 'Ananta Basudev Sanskrit (Degree) College, Palli', 'SC_ANA_0073'),
    ('E', 'college', 'SC', 'PURI', 'Biswanath Sanskrit (Degree) College', 'SC_BIS_0074'),
    ('E', 'college', 'SC', 'PURI', 'Maa Bhagabati Sanskrit (Degree) College, Naduapur', 'SC_MAA_0075'),
    ('E', 'college', 'SC', 'PURI', 'Ramachandra Sanskrit (Degree) College', 'SC_RAM_0076'),
    ('E', 'college', 'SC', 'PURI', 'Bhagabati Sanskrit (Degree) College', 'SC_BHA_0077'),
    ('E', 'college', 'SC', 'PURI', 'Durga Charan Sanskrit Vidyapitha (Degree) College', 'SC_DUR_0078'),
    ('E', 'college', 'SC', 'PURI', 'Sri Sri Jagannath Sanskrit University', 'SC_SRI_0079'),
    ('E', 'college', 'SC', 'BALASORE', 'Raghunathjew Nilamani Sanskrit (Degree) College', 'SC_RAG_0080'),
    ('E', 'college', 'SC', 'BALASORE', 'Shree Jagannath Sanskrit (Degree) College', 'SC_SHR_0081'),
    ('E', 'college', 'SC', 'BALASORE', 'Sanskrit (Degree) College, Badakia', 'SC_SAN_0082'),
    ('E', 'college', 'SC', 'BALASORE', 'Nagendranath Sanskrit Degree College, Kumbhari', 'SC_NAG_0083'),
    ('E', 'college', 'SC', 'BALASORE', 'Kamala Kumari Sanskrit Women''s (Degree) College', 'SC_KAM_0084'),
    ('E', 'college', 'SC', 'BALASORE', 'Pathadurga Sanskrit Degree College, Singla', 'SC_PAT_0085'),
    ('E', 'college', 'SC', 'BALASORE', 'Narendranath Sanskrit Degree College, Priyabag', 'SC_NAR_0086'),
    ('E', 'college', 'SC', 'BALASORE', 'Bagiswari Sanskrit Degree College, Salikotha', 'SC_BAG_0087'),
    ('E', 'college', 'SC', 'BALASORE', 'Shyamarai Sanskrit Degree College, Alipur', 'SC_SHY_0088'),
    ('E', 'college', 'SC', 'BALASORE', 'Nilagiri Sanskrit (Degree) College', 'SC_NIL_0089'),
    ('E', 'college', 'SC', 'BALASORE', 'Chintamani Sanskrit (Degree) College', 'SC_CHI_0090'),
    ('E', 'college', 'SC', 'BALASORE', 'Gateswar Sanskrit (Degree) College', 'SC_GAT_0091'),
    ('E', 'college', 'SC', 'BALASORE', 'Sukadei Sanskrit (Degree) College', 'SC_SUK_0092'),
    ('E', 'college', 'SC', 'BALASORE', 'Madhusudan Sanskrit (Degree) College', 'SC_MAD_0093'),
    ('E', 'college', 'SC', 'BALASORE', 'Dayanidhi Sanskrit Degree College, Soro', 'SC_DAY_0094'),
    ('E', 'college', 'SC', 'BALASORE', 'Bhagaban Chandra Sanskrit Degree College, Jageswarpada', 'SC_BHA_0095'),
    ('E', 'college', 'SC', 'BALASORE', 'Sriram Chandra Sanskrit (Degree) College', 'SC_SRI_0096'),
    ('E', 'college', 'SC', 'BALASORE', 'Shyamsundar Sanskrit (Degree) College', 'SC_SHY_0097'),
    ('E', 'college', 'SC', 'BALASORE', 'Sahajanagar Sanskrit (Degree) College, Sahajanagar', 'SC_SAH_0098'),
    ('E', 'college', 'SC', 'BALASORE', 'Dhruba Charan Sanskrit Degree College, Latajuri', 'SC_DHR_0099'),
    ('E', 'college', 'SC', 'BALASORE', 'Radha Krushna Sanskrit (Degree) College', 'SC_RAD_0100'),
    ('E', 'college', 'SC', 'BALASORE', 'Aganimani Sanskrit (Degree) College', 'SC_AGA_0101'),
    ('E', 'college', 'SC', 'BALASORE', 'Banchhakalpa Sanskrit (Degree) College', 'SC_BAN_0102'),
    ('E', 'college', 'SC', 'BHADRAK', 'Kalpataru Sanskrit Degree College, Bansipatna', 'SC_KAL_0103'),
    ('E', 'college', 'SC', 'BHADRAK', 'Kalandicharan Sanskrit (Degree) College', 'SC_KAL_0104'),
    ('E', 'college', 'SC', 'BHADRAK', 'Utkalmani Gopabandhu Sanskrit (Degree) College', 'SC_UTK_0105'),
    ('E', 'college', 'SC', 'BHADRAK', 'Anchalika Sahayoga Sanskrit (Degree) College, Palli', 'SC_ANC_0106'),
    ('E', 'college', 'SC', 'BHADRAK', 'Jagannath Sanskrit (Degree) College', 'SC_JAG_0107'),
    ('E', 'college', 'SC', 'BHADRAK', 'Binapani Sanskrit (Degree) College', 'SC_BIN_0108'),
    ('E', 'college', 'SC', 'BHADRAK', 'Damodar Sanskrit Degree College, Puruna Bazar', 'SC_DAM_0109'),
    ('E', 'college', 'SC', 'BHADRAK', 'Gayatrimata Sanskrit Degree College', 'SC_GAY_0110'),
    ('E', 'college', 'SC', 'BHADRAK', 'Arati Daitari Sanskrit (Degree) College, Chudamani', 'SC_ARA_0111'),
    ('E', 'college', 'SC', 'BHADRAK', 'Balakrushna Das Sharma Sanskrit Degree College', 'SC_BAL_0112'),
    ('E', 'college', 'SC', 'BHADRAK', 'Dhamrai Sanskrit (Degree) College', 'SC_DHA_0113'),
    ('E', 'college', 'SC', 'BHADRAK', 'Govindajew Sanskrit (Degree) College', 'SC_GOV_0114'),
    ('E', 'college', 'SC', 'KEONJHAR', 'B.N. Sanskrit (Degree) College', 'SC_BNS_0115'),
    ('E', 'college', 'SC', 'KEONJHAR', 'Shree Baladevjew Sanskrit (Degree) College', 'SC_SHR_0116'),
    ('E', 'college', 'SC', 'MAYURBHANJ', 'Bholanath Sanskrit (Degree) College', 'SC_BHO_0117'),
    ('E', 'college', 'SC', 'MAYURBHANJ', 'Basudev Sanskrit Degree College, Totapara', 'SC_BAS_0118'),
    ('E', 'college', 'SC', 'MAYURBHANJ', 'Government Sanskrit (Degree) College', 'SC_GOV_0119'),
    ('E', 'college', 'SC', 'MAYURBHANJ', 'Badameswari Sanskrit (Degree) College', 'SC_BAD_0120'),
    ('E', 'college', 'SC', 'MAYURBHANJ', 'Jagateswar Bhanja Bharati Sanskrit Vidyapitha (Degree) College', 'SC_JAG_0121'),
    ('E', 'college', 'SC', 'MAYURBHANJ', 'Shree Jagannath Adarsha Sanskrit (Degree) College', 'SC_SHR_0122'),
    ('E', 'college', 'SC', 'MAYURBHANJ', 'Lalmohan Sanskrit (Degree) College', 'SC_LAL_0123'),
    ('E', 'college', 'SC', 'GAJAPATI', 'Sanskrit (Degree) College', 'SC_SAN_0124'),
    ('E', 'college', 'SC', 'GANJAM', 'Mac Micle Sanskrit (Degree) College', 'SC_MAC_0125'),
    ('E', 'college', 'SC', 'GANJAM', 'Dr. Ghanashyam Mishra Sanskrit (Degree) College', 'SC_DRG_0126'),
    ('E', 'college', 'SC', 'GANJAM', 'Ramadhin Sanskrit (Degree) College, Berhampur', 'SC_RAM_0127'),
    ('E', 'college', 'SC', 'KANDHAMAL', 'Gurukul Sanskrit (Degree) College', 'SC_GUR_0128'),
    ('E', 'college', 'SC', 'BALANGIR', 'Bidyabhusan Sanskrit (Degree) College', 'SC_BID_0129'),
    ('E', 'college', 'SC', 'DEOGARH', 'Swami Sivananda Sanskrit (Degree) College', 'SC_SWA_0130'),
    ('E', 'college', 'SC', 'SUNDARGARH', 'Gurukul Sanskrit Degree College, Lathikata', 'SC_GUR_0131'),
    ('E', 'college', 'SC', 'SUNDARGARH', 'Om Maa Saraswati Sanskrit (Degree) College, Court Road, Rajgangpur', 'SC_OMM_0132'),
    ('E', 'college', 'SC', 'KORAPUT', 'Maa Santoshi Sanskrit Degree College', 'SC_MAA_0133'),
    ('E', 'college', 'SC', 'NABARANGPUR', 'Hingula Sanskrit Mahavidyalaya', 'SC_HIN_0134'),
    ('E', 'college', 'SC', 'RAYAGADA', 'Sri Sri Rameswar Sanskrit Mahavidyalaya', 'SC_SRI_0135');


-- =====================================================================
-- ANNEXURE F: UNAIDED / PRIVATE COLLEGES (330 records)
-- =====================================================================
INSERT INTO hed_institution (annexure, branch_code, sub_type_code, district_code, name, code) VALUES

    ('F', 'college', 'PVT', 'ANGUL', 'SIDDHI BINAYAK (+3) SCIENCE COLLEGE, TUMUNI', 'PVT_SID_0000'),
    ('F', 'college', 'PVT', 'ANGUL', 'Focus College of Science, Amalapada', 'PVT_FOC_0001'),
    ('F', 'college', 'PVT', 'ANGUL', 'Mahima Jyoti Science Degree College, Hakimpada', 'PVT_MAH_0002'),
    ('F', 'college', 'PVT', 'ANGUL', 'Binayak Degree College, Rantalei', 'PVT_BIN_0003'),
    ('F', 'college', 'PVT', 'ANGUL', '+3 Kashi Biswanath Mahavidyalaya, Paikasahi', 'PVT_3KA_0004'),
    ('F', 'college', 'PVT', 'ANGUL', 'Omm Bidya Bharati +3 Science & Arts Residential College, Kandasar', 'PVT_OMM_0005'),
    ('F', 'college', 'PVT', 'ANGUL', 'Silpanchal Mahila (Degree) Mahavidyalaya, Talcher', 'PVT_SIL_0006'),
    ('F', 'college', 'PVT', 'CUTTACK', 'Sakti Sai Degree College, Kuspangi', 'PVT_SAK_0007'),
    ('F', 'college', 'PVT', 'CUTTACK', 'JMU Degree College', 'PVT_JMU_0008'),
    ('F', 'college', 'PVT', 'CUTTACK', 'RP Degree Residential College, Bidharpur', 'PVT_RPD_0009'),
    ('F', 'college', 'PVT', 'CUTTACK', 'Brundaban +3 Science Residential College, Baramba', 'PVT_BRU_0010'),
    ('F', 'college', 'PVT', 'CUTTACK', 'Bhagya Degree College, Gyana Vihar', 'PVT_BHA_0011'),
    ('F', 'college', 'PVT', 'CUTTACK', 'KMBB Degree College, Naranpur', 'PVT_KMB_0012'),
    ('F', 'college', 'PVT', 'CUTTACK', 'SGI Degree Science College, Nachhipur', 'PVT_SGI_0013'),
    ('F', 'college', 'PVT', 'CUTTACK', 'Institute of Professional Studies and Research, Cuttack', 'PVT_INS_0014'),
    ('F', 'college', 'PVT', 'CUTTACK', 'Saraswati Degree Science College, Link Road', 'PVT_SAR_0015'),
    ('F', 'college', 'PVT', 'CUTTACK', 'Anchalika (Degree) Mahavidyalaya, Dampara', 'PVT_ANC_0016'),
    ('F', 'college', 'PVT', 'CUTTACK', 'Atmaram Sanskrit (Degree) College', 'PVT_ATM_0017'),
    ('F', 'college', 'PVT', 'CUTTACK', 'Beleswar Mahadev Sanskrit (Degree) College', 'PVT_BEL_0018'),
    ('F', 'college', 'PVT', 'CUTTACK', 'Maa Sarala Sanskrit (Degree) College', 'PVT_MAA_0019'),
    ('F', 'college', 'PVT', 'CUTTACK', 'Sabitri Devi +3 Science College, Sisua', 'PVT_SAB_0020'),
    ('F', 'college', 'PVT', 'CUTTACK', 'Tangi Mahavidyalaya, Tangi', 'PVT_TAN_0021'),
    ('F', 'college', 'PVT', 'CUTTACK', 'Mahanadi (Degree) Mahavidyalaya, Kakhadi, Tangi', 'PVT_MAH_0022'),
    ('F', 'college', 'PVT', 'DHENKANAL', 'Sri Sri Balunkeswar (Degree) Mahavidyalaya, Baruan', 'PVT_SRI_0023'),
    ('F', 'college', 'PVT', 'DHENKANAL', 'Tapoban Degree College, Kuninda', 'PVT_TAP_0024'),
    ('F', 'college', 'PVT', 'DHENKANAL', 'Sai Krupa +3 Science Residential College, Kunjakanta', 'PVT_SAI_0025'),
    ('F', 'college', 'PVT', 'DHENKANAL', 'e-Tech Residential Degree College, Dakhinakali Road', 'PVT_ETE_0026'),
    ('F', 'college', 'PVT', 'DHENKANAL', 'BIET Degree College, Gobindpur', 'PVT_BIE_0027'),
    ('F', 'college', 'PVT', 'DHENKANAL', 'Synergy Institute of Science and Management, Banamali Prasad', 'PVT_SYN_0028'),
    ('F', 'college', 'PVT', 'DHENKANAL', 'Mayadhar Memorial Degree College, Bidharpur', 'PVT_MAY_0029'),
    ('F', 'college', 'PVT', 'DHENKANAL', 'Anchalika Degree Mahavidyalaya, Guneibil', 'PVT_ANC_0030'),
    ('F', 'college', 'PVT', 'DHENKANAL', 'Anchalika (Degree) Mahavidyalaya, Birasal', 'PVT_ANC_0031'),
    ('F', 'college', 'PVT', 'DHENKANAL', 'Sanda (Degree) College, Sanda', 'PVT_SAN_0032'),
    ('F', 'college', 'PVT', 'JAGATSINGHPUR', 'Brajakishore Sanskrit (Degree) College', 'PVT_BRA_0033'),
    ('F', 'college', 'PVT', 'JAGATSINGHPUR', 'Chin Main Sanskrit (Degree) College', 'PVT_CHI_0034'),
    ('F', 'college', 'PVT', 'JAGATSINGHPUR', 'CNCB Academy of Science Technology, Basantapur', 'PVT_CNC_0035'),
    ('F', 'college', 'PVT', 'JAGATSINGHPUR', 'Sekhareswar Sanskrit (Degree) College', 'PVT_SEK_0036'),
    ('F', 'college', 'PVT', 'JAGATSINGHPUR', 'Nabakrushna Choudhury (Degree) Institute of Education, Tarikund', 'PVT_NAB_0037'),
    ('F', 'college', 'PVT', 'JAJPUR', 'Kasinath Sanskrit (Degree) College', 'PVT_KAS_0038'),
    ('F', 'college', 'PVT', 'JAJPUR', 'Bidyadhar Sanskrit Siksha Niketan (Degree) College', 'PVT_BID_0039'),
    ('F', 'college', 'PVT', 'JAJPUR', 'Nuri Sanskrit (Degree) College', 'PVT_NUR_0040'),
    ('F', 'college', 'PVT', 'JAJPUR', 'Janaki Madhusudan Women''s (Degree) College, Mandhatapatna', 'PVT_JAN_0041'),
    ('F', 'college', 'PVT', 'JAJPUR', 'Steelcity Science Degree College, Danagadi', 'PVT_STE_0042'),
    ('F', 'college', 'PVT', 'JAJPUR', 'Manmath Dhal Degree College, Biripata', 'PVT_MAN_0043'),
    ('F', 'college', 'PVT', 'JAJPUR', 'Rambag Women''s Degree College, Taliha', 'PVT_RAM_0044'),
    ('F', 'college', 'PVT', 'JAJPUR', 'Jagannath Jew Mahavidyalaya, Chadheidhara', 'PVT_JAG_0045'),
    ('F', 'college', 'PVT', 'JAJPUR', 'Satyabhama Bal Residential Spiritual Degree College, Garhmadhupur', 'PVT_SAT_0046'),
    ('F', 'college', 'PVT', 'JAJPUR', 'Bidwan Residential Degree College, College Road', 'PVT_BID_0047'),
    ('F', 'college', 'PVT', 'JAJPUR', 'Vidya Degree College, Patharapada', 'PVT_VID_0048'),
    ('F', 'college', 'PVT', 'JAJPUR', 'Durgamadhab Sanskrit (Degree) College', 'PVT_DUR_0049'),
    ('F', 'college', 'PVT', 'JAJPUR', 'Saptaratna Sanskrit (Degree) College', 'PVT_SAP_0050'),
    ('F', 'college', 'PVT', 'JAJPUR', 'Hi-Tech Science (Degree) College, Kuakhia', 'PVT_HIT_0051'),
    ('F', 'college', 'PVT', 'JAJPUR', 'Xavier Degree College, Jajpur Road', 'PVT_XAV_0052'),
    ('F', 'college', 'PVT', 'KENDRAPARA', 'Debaray Samarsingh (Degree) College, Ganeswarpur', 'PVT_DEB_0053'),
    ('F', 'college', 'PVT', 'KENDRAPARA', 'Kendrapara Residential Degree Science College, Tinimuhani', 'PVT_KEN_0054'),
    ('F', 'college', 'PVT', 'KENDRAPARA', 'Derabish Degree Mahila Mahavidyalaya, Derabish', 'PVT_DER_0055'),
    ('F', 'college', 'PVT', 'KENDRAPARA', 'Bagdevi Sanskrit (Degree) College', 'PVT_BAG_0056'),
    ('F', 'college', 'PVT', 'KENDRAPARA', 'Sidhakshetrabasi Baba Sanskrit (Degree) College', 'PVT_SID_0057'),
    ('F', 'college', 'PVT', 'KENDRAPARA', 'RNM Institute of Higher Studies, Basantapur', 'PVT_RNM_0058'),
    ('F', 'college', 'PVT', 'KENDRAPARA', 'Korua Women''s Degree College, Korua', 'PVT_KOR_0059'),
    ('F', 'college', 'PVT', 'KENDRAPARA', 'Alfa Best Degree College of Science & Tech., Tulasi Vihar', 'PVT_ALF_0060'),
    ('F', 'college', 'PVT', 'KENDRAPARA', 'Om Shanti College, Baro', 'PVT_OMS_0061'),
    ('F', 'college', 'PVT', 'KENDRAPARA', 'Bata Baba Sanskrit (Degree) College', 'PVT_BAT_0062'),
    ('F', 'college', 'PVT', 'KENDRAPARA', 'Mayananda Sanskrit (Degree) College', 'PVT_MAY_0063'),
    ('F', 'college', 'PVT', 'KENDRAPARA', 'Dayanidhi Sanskrit Degree College, Potari', 'PVT_DAY_0064'),
    ('F', 'college', 'PVT', 'KENDRAPARA', 'Maa Sarala Sanskrit Degree College, Marshaghai', 'PVT_MAA_0065'),
    ('F', 'college', 'PVT', 'KENDRAPARA', 'Shri Radharaman Sanskrit (Degree) College', 'PVT_SHR_0066'),
    ('F', 'college', 'PVT', 'KENDRAPARA', 'Pattamundai Women''s (Degree) College, Pattamundai', 'PVT_PAT_0067'),
    ('F', 'college', 'PVT', 'KENDRAPARA', 'Sadhabhuja Gouranga Sanskrit (Degree) College', 'PVT_SAD_0068'),
    ('F', 'college', 'PVT', 'KENDRAPARA', 'N.K.N.K. Sanskrit (Degree) College', 'PVT_NKN_0069'),
    ('F', 'college', 'PVT', 'KHURDA', 'Sri Baneswar (Degree) College, Bentapur', 'PVT_SRI_0070'),
    ('F', 'college', 'PVT', 'KHURDA', 'Ananda Chandra Sanskrit (Degree) College', 'PVT_ANA_0071'),
    ('F', 'college', 'PVT', 'KHURDA', 'Raghunath Dev Sanskrit (Degree) College', 'PVT_RAG_0072'),
    ('F', 'college', 'PVT', 'KHURDA', 'Jayadev Sanskrit (Degree) College, Begunia', 'PVT_JAY_0073'),
    ('F', 'college', 'PVT', 'KHURDA', 'Bhubaneswar College (Degree) of Computer Sc. & Tech., Chandaka', 'PVT_BHU_0074'),
    ('F', 'college', 'PVT', 'KHURDA', 'Times College of +3 Science & Commerce, Malipada', 'PVT_TIM_0075'),
    ('F', 'college', 'PVT', 'KHURDA', 'Ganesh Institute of Engineering & Tech. Degree Science College, Andharua', 'PVT_GAN_0076'),
    ('F', 'college', 'PVT', 'KHURDA', 'Chandaka Degree College, Chandaka', 'PVT_CHA_0077'),
    ('F', 'college', 'PVT', 'KHURDA', 'Srusti Academy of Graduate Studies', 'PVT_SRU_0078'),
    ('F', 'college', 'PVT', 'KHURDA', 'Kalinga College of Commerce, Samantarapur,Bhubaneswar', 'PVT_KAL_0079'),
    ('F', 'college', 'PVT', 'KHURDA', 'DAV School of Business Management, Bhubaneswar', 'PVT_DAV_0080'),
    ('F', 'college', 'PVT', 'KHURDA', 'Krishna Institute of Management & Science (KIMS), Bhubaneswar', 'PVT_KRI_0081'),
    ('F', 'college', 'PVT', 'KHURDA', 'Meridian (Degree) College, Khandagiri', 'PVT_MER_0082'),
    ('F', 'college', 'PVT', 'KHURDA', 'Jupiter Degree College, Gangapada', 'PVT_JUP_0083'),
    ('F', 'college', 'PVT', 'KHURDA', 'Satyabhama Devi College for Hearing Impaired (+3), Qtr. No. VR-56, Unit-6, Bhubaneswar', 'PVT_SAT_0084'),
    ('F', 'college', 'PVT', 'KHURDA', 'Navajyoti +3 Science College, Alisha Complex', 'PVT_NAV_0085'),
    ('F', 'college', 'PVT', 'KHURDA', 'Gandhi +3 Science College, Khandagiri', 'PVT_GAN_0086'),
    ('F', 'college', 'PVT', 'KHURDA', 'P J College of Management and Technology, Bhubaneswar', 'PVT_PJC_0087'),
    ('F', 'college', 'PVT', 'KHURDA', 'Kalijai Degree College, Balugaon', 'PVT_KAL_0088'),
    ('F', 'college', 'PVT', 'KHURDA', 'Bauri Bandhu (Degree) Mahavidyalaya, Chhatabar', 'PVT_BAU_0089'),
    ('F', 'college', 'PVT', 'KHURDA', 'Sarat Paikray (Degree) Mahavidyalaya, Argul', 'PVT_SAR_0090'),
    ('F', 'college', 'PVT', 'KHURDA', 'NIIS Institute of Information Science & Management (Degree) College, Sarada Vihar', 'PVT_NII_0091'),
    ('F', 'college', 'PVT', 'KHURDA', 'Mahendra Institute of Management & Technical Studies, Pitapali', 'PVT_MAH_0092'),
    ('F', 'college', 'PVT', 'KHURDA', 'CUTM-Bhubaneswar Campus', 'PVT_CUT_0093'),
    ('F', 'college', 'PVT', 'KHURDA', 'Indian Institute of Management and Science', 'PVT_IND_0094'),
    ('F', 'college', 'PVT', 'KHURDA', 'S.B.D. Mahila Degree Mahavidyalaya, Kantia', 'PVT_SBD_0095'),
    ('F', 'college', 'PVT', 'KHURDA', 'AMIT Degree College, Barunei Hill', 'PVT_AMI_0096'),
    ('F', 'college', 'PVT', 'KHURDA', 'Delta Institute of Agriculture and Management, Baniatangi', 'PVT_DEL_0097'),
    ('F', 'college', 'PVT', 'KHURDA', 'Vivekananda Institute of Advanced Educational Research & Tech., Khordha', 'PVT_VIV_0098'),
    ('F', 'college', 'PVT', 'KHURDA', 'Durga Charan Chilika (Degree) College, Tangi', 'PVT_DUR_0099'),
    ('F', 'college', 'PVT', 'KHURDA', 'Satyabadi Sanskrit (Degree) College', 'PVT_SAT_0100'),
    ('F', 'college', 'PVT', 'KHURDA', 'Souri Charan Sanskrit (Degree) College', 'PVT_SOU_0101'),
    ('F', 'college', 'PVT', 'NAYAGARH', 'Krushna Priya Devi Women''s (Degree) College, Daspalla', 'PVT_KRU_0102'),
    ('F', 'college', 'PVT', 'NAYAGARH', 'Banavasi Sadhu Charan Sanskrit (Degree) College, Poibadi', 'PVT_BAN_0103'),
    ('F', 'college', 'PVT', 'NAYAGARH', 'Pradipta Ray Sanskrit (Degree) College, Madhyakhanda', 'PVT_PRA_0104'),
    ('F', 'college', 'PVT', 'NAYAGARH', 'Regional Degree College, Adakata', 'PVT_REG_0105'),
    ('F', 'college', 'PVT', 'NAYAGARH', 'Dr. Rama Chandra Samantray (Degree) College, Gania', 'PVT_DRR_0106'),
    ('F', 'college', 'PVT', 'NAYAGARH', 'Uniitech Degree College, College Road', 'PVT_UNI_0107'),
    ('F', 'college', 'PVT', 'NAYAGARH', 'Divine Degree College, Lenkudipada', 'PVT_DIV_0108'),
    ('F', 'college', 'PVT', 'NAYAGARH', 'Kabi Jadumani Sanskrit (Degree) College', 'PVT_KAB_0109'),
    ('F', 'college', 'PVT', 'NAYAGARH', 'Nuagaon +3 Degree College, Nuagaon', 'PVT_NUA_0110'),
    ('F', 'college', 'PVT', 'NAYAGARH', 'Minaketan Memorial Sanskrit (Degree) College', 'PVT_MIN_0111'),
    ('F', 'college', 'PVT', 'NAYAGARH', 'PIMIT Degree College, Odagaon', 'PVT_PIM_0112'),
    ('F', 'college', 'PVT', 'NAYAGARH', 'Maa Maninaga Durga Mahila (Degree) Mahavidyalaya, Ranapur', 'PVT_MAA_0113'),
    ('F', 'college', 'PVT', 'PURI', 'Kalinga Degree College, Astarang', 'PVT_KAL_0114'),
    ('F', 'college', 'PVT', 'PURI', 'Shree Ganesh +3 Science Residential College, Astarang', 'PVT_SHR_0115'),
    ('F', 'college', 'PVT', 'PURI', 'Astaranga Sanskrit (Degree) College', 'PVT_AST_0116'),
    ('F', 'college', 'PVT', 'PURI', 'Brahmeswar (Degree) Mahavidyalaya, Dharmakriti', 'PVT_BRA_0117'),
    ('F', 'college', 'PVT', 'PURI', 'B.J.B. (Degree) College, Gadarodanga', 'PVT_BJB_0118'),
    ('F', 'college', 'PVT', 'PURI', 'Bhakta Manein Smruti Degree Mhv., Kandagoda', 'PVT_BHA_0119'),
    ('F', 'college', 'PVT', 'PURI', 'Baba Bhimeswar Sanskrit (Degree) College', 'PVT_BAB_0120'),
    ('F', 'college', 'PVT', 'PURI', 'Brahma Vihar Sanskrit (Degree) College', 'PVT_BRA_0121'),
    ('F', 'college', 'PVT', 'PURI', 'Ananta Basudev Sanskrit (Degree) College, Palli', 'PVT_ANA_0122'),
    ('F', 'college', 'PVT', 'PURI', 'Biswanath Sanskrit (Degree) College', 'PVT_BIS_0123'),
    ('F', 'college', 'PVT', 'PURI', 'Panchayat (Degree) College, Godiput,Matiapada', 'PVT_PAN_0124'),
    ('F', 'college', 'PVT', 'PURI', 'Radhaballav Degree Mahavidyalaya, Bairipur', 'PVT_RAD_0125'),
    ('F', 'college', 'PVT', 'PURI', 'Sarala Degree (+3) Residential College, Srirampur', 'PVT_SAR_0126'),
    ('F', 'college', 'PVT', 'PURI', 'Chouda Mouza Bidyut (Degree) Mahavidyalaya, Garhsanput', 'PVT_CHO_0127'),
    ('F', 'college', 'PVT', 'PURI', 'Maa Bhagabati Sanskrit (Degree) College, Naduapur', 'PVT_MAA_0128'),
    ('F', 'college', 'PVT', 'PURI', 'Kandakhai (Degree) College of Science & Education, Kandakhai', 'PVT_KAN_0129'),
    ('F', 'college', 'PVT', 'PURI', 'Gyan Devi Degree Mahavidyalaya, Nimapara', 'PVT_GYA_0130'),
    ('F', 'college', 'PVT', 'PURI', 'Swadhin +3 Residential College, Guhalpara', 'PVT_SWA_0131'),
    ('F', 'college', 'PVT', 'PURI', 'Regional Degree College, Nimapada', 'PVT_REG_0132'),
    ('F', 'college', 'PVT', 'PURI', 'Ramachandra Sanskrit (Degree) College', 'PVT_RAM_0133'),
    ('F', 'college', 'PVT', 'PURI', 'Institute of Technology & Management Studies, Nimapara', 'PVT_INS_0134'),
    ('F', 'college', 'PVT', 'PURI', 'Paathsaala Degree College, Pipili', 'PVT_PAA_0135'),
    ('F', 'college', 'PVT', 'PURI', 'Namita Devi (Degree) College, Uttarachhak', 'PVT_NAM_0136'),
    ('F', 'college', 'PVT', 'PURI', 'Anmol College of +3 Science, Gajapati Nagar', 'PVT_ANM_0137'),
    ('F', 'college', 'PVT', 'PURI', 'Kasturaba Gandhi (Degree) Women''s College', 'PVT_KAS_0138'),
    ('F', 'college', 'PVT', 'PURI', 'Bhagabati Sanskrit (Degree) College', 'PVT_BHA_0139'),
    ('F', 'college', 'PVT', 'PURI', 'Puri Women''s Degree College, Narendrakona', 'PVT_PUR_0140'),
    ('F', 'college', 'PVT', 'PURI', 'St Xaviers Degree College, Puri', 'PVT_STX_0141'),
    ('F', 'college', 'PVT', 'PURI', 'Durga Charan Sanskrit Vidyapitha (Degree) College', 'PVT_DUR_0142'),
    ('F', 'college', 'PVT', 'BALASORE', 'Kshetra Mohan College of Basic Science, Balasore', 'PVT_KSH_0143'),
    ('F', 'college', 'PVT', 'BALASORE', 'College of Basic Science & Technology, Gopalgaon', 'PVT_COL_0144'),
    ('F', 'college', 'PVT', 'BALASORE', 'Nilakantheswar Degree Mahavidyalaya, Bangara, Balasore', 'PVT_NIL_0145'),
    ('F', 'college', 'PVT', 'BALASORE', 'Guru Krupa Degree College, Station Square', 'PVT_GUR_0146'),
    ('F', 'college', 'PVT', 'BALASORE', 'Bahabalpur Regional Degree College, Bahabalpur', 'PVT_BAH_0147'),
    ('F', 'college', 'PVT', 'BALASORE', 'Sahajanagar Sanskrit (Degree) College, Sahajanagar', 'PVT_SAH_0148'),
    ('F', 'college', 'PVT', 'BALASORE', 'Newtonian Basic Sc. College, Nalamganj', 'PVT_NEW_0149'),
    ('F', 'college', 'PVT', 'BALASORE', 'Laxmipriya +3 Mahila Mahavidyalaya, Baliapal', 'PVT_LAX_0150'),
    ('F', 'college', 'PVT', 'BALASORE', 'Dhruba Charan Sanskrit Degree College, Latajuri', 'PVT_DHR_0151'),
    ('F', 'college', 'PVT', 'BALASORE', 'Radha Krushna Sanskrit (Degree) College', 'PVT_RAD_0152'),
    ('F', 'college', 'PVT', 'BALASORE', 'Aganimani Sanskrit (Degree) College', 'PVT_AGA_0153'),
    ('F', 'college', 'PVT', 'BALASORE', 'North Odisha Degree College of Science, Darada', 'PVT_NOR_0154'),
    ('F', 'college', 'PVT', 'BALASORE', 'Women''s (Degree) College, Bhogarai', 'PVT_WOM_0155'),
    ('F', 'college', 'PVT', 'BALASORE', 'BAIKUNTHA NATH INSTITUTE OF HIGHER STUDIES, KACHUADI', 'PVT_BAI_0156'),
    ('F', 'college', 'PVT', 'BALASORE', 'Shitala Thakurani (Degree) Mahavidyalaya, Khuluda', 'PVT_SHI_0157'),
    ('F', 'college', 'PVT', 'BALASORE', 'Olmara Simanta Degree Mahavidyalaya, Olmara', 'PVT_OLM_0158'),
    ('F', 'college', 'PVT', 'BALASORE', 'Banchhakalpa Sanskrit (Degree) College', 'PVT_BAN_0159'),
    ('F', 'college', 'PVT', 'BALASORE', 'Jhadeswar +3 Sc. (Degree) College, Chhanpur', 'PVT_JHA_0160'),
    ('F', 'college', 'PVT', 'BALASORE', 'Genome Institute of Biotechnology', 'PVT_GEN_0161'),
    ('F', 'college', 'PVT', 'BALASORE', 'Sriram +3 Science Residential College, Itwa', 'PVT_SRI_0162'),
    ('F', 'college', 'PVT', 'BHADRAK', 'Gayatrimata Sanskrit Degree College', 'PVT_GAY_0163'),
    ('F', 'college', 'PVT', 'BHADRAK', 'Arati Daitari Sanskrit (Degree) College, Chudamani', 'PVT_ARA_0164'),
    ('F', 'college', 'PVT', 'BHADRAK', 'Radhakanta Behera (Degree) College, Arnapala', 'PVT_RAD_0165'),
    ('F', 'college', 'PVT', 'BHADRAK', 'Vinayak Degree College, Samaraipur', 'PVT_VIN_0166'),
    ('F', 'college', 'PVT', 'BHADRAK', '+3 Royal Commerce & Sc. (Degree) College, Royal Nagar', 'PVT_3RO_0167'),
    ('F', 'college', 'PVT', 'BHADRAK', 'Avantika Degree College, Charampa', 'PVT_AVA_0168'),
    ('F', 'college', 'PVT', 'BHADRAK', 'Balakrushna Das Sharma Sanskrit Degree College', 'PVT_BAL_0169'),
    ('F', 'college', 'PVT', 'BHADRAK', 'Dhamrai Sanskrit (Degree) College', 'PVT_DHA_0170'),
    ('F', 'college', 'PVT', 'BHADRAK', 'Govindajew Sanskrit (Degree) College', 'PVT_GOV_0171'),
    ('F', 'college', 'PVT', 'KEONJHAR', 'Paramananda Degree College, Mochinda', 'PVT_PAR_0172'),
    ('F', 'college', 'PVT', 'KEONJHAR', 'Pateswar (Degree) Mahavidyalaya, Suakati', 'PVT_PAT_0173'),
    ('F', 'college', 'PVT', 'KEONJHAR', 'Kairali College of +3 Science, Siksha Nagari', 'PVT_KAI_0174'),
    ('F', 'college', 'PVT', 'KEONJHAR', 'Shree Baladevjew Sanskrit (Degree) College', 'PVT_SHR_0175'),
    ('F', 'college', 'PVT', 'KEONJHAR', 'Raisuan (Degree) Mahavidyalaya, Raisuan', 'PVT_RAI_0176'),
    ('F', 'college', 'PVT', 'KEONJHAR', 'Keonjhar Degree Commerce College, New Colony', 'PVT_KEO_0177'),
    ('F', 'college', 'PVT', 'KEONJHAR', 'Gonasika +3 Science College, Kashipur', 'PVT_GON_0178'),
    ('F', 'college', 'PVT', 'KEONJHAR', 'Lord Jagannath Degree Science College', 'PVT_LOR_0179'),
    ('F', 'college', 'PVT', 'KEONJHAR', 'Ramkrishna Institute of Management and Administration, Keonjhar', 'PVT_RAM_0180'),
    ('F', 'college', 'PVT', 'KEONJHAR', 'Vishwa Vinayak Degree College, Khireitangiri', 'PVT_VIS_0181'),
    ('F', 'college', 'PVT', 'MAYURBHANJ', 'Badameswari Sanskrit (Degree) College', 'PVT_BAD_0182'),
    ('F', 'college', 'PVT', 'MAYURBHANJ', 'Sai Degree College, Baripada', 'PVT_SAI_0183'),
    ('F', 'college', 'PVT', 'MAYURBHANJ', 'Sri Sai Siddhi +3 Degree Sc. Residential College, Golapbag', 'PVT_SRI_0184'),
    ('F', 'college', 'PVT', 'MAYURBHANJ', 'Sai Adarsha Degree College', 'PVT_SAI_0185'),
    ('F', 'college', 'PVT', 'MAYURBHANJ', 'Mayurbhanj College of Accountancy & Management (Degree), Takatpur', 'PVT_MAY_0186'),
    ('F', 'college', 'PVT', 'MAYURBHANJ', 'Rajanikanta (Degree) Mahabidyalaya, Damudigoda', 'PVT_RAJ_0187'),
    ('F', 'college', 'PVT', 'MAYURBHANJ', 'Chaitanya Prasad Womens Degree College, Sunaposi', 'PVT_CHA_0188'),
    ('F', 'college', 'PVT', 'MAYURBHANJ', 'Bishnu Residential Institute of Science, Karanjia', 'PVT_BIS_0189'),
    ('F', 'college', 'PVT', 'MAYURBHANJ', 'Jagateswar Bhanja Bharati Sanskrit Vidyapitha (Degree) College', 'PVT_JAG_0190'),
    ('F', 'college', 'PVT', 'MAYURBHANJ', 'Technoworld (Degree) College, Rairangpur', 'PVT_TEC_0191'),
    ('F', 'college', 'PVT', 'MAYURBHANJ', 'Chaitanya Prasad (Degree) College, Bhanjakia', 'PVT_CHA_0192'),
    ('F', 'college', 'PVT', 'MAYURBHANJ', 'Shree Jagannath Adarsha Sanskrit (Degree) College', 'PVT_SHR_0193'),
    ('F', 'college', 'PVT', 'MAYURBHANJ', 'Biju Pattnaik (Degree) College, Singda', 'PVT_BIJ_0194'),
    ('F', 'college', 'PVT', 'MAYURBHANJ', 'Sai Sadhana (Degree) College of Basic Science, Dibyasingpur', 'PVT_SAI_0195'),
    ('F', 'college', 'PVT', 'MAYURBHANJ', 'Lalmohan Sanskrit (Degree) College', 'PVT_LAL_0196'),
    ('F', 'college', 'PVT', 'BOUDH', 'Jeevan Vikash Degree College, Dahya', 'PVT_JEE_0197'),
    ('F', 'college', 'PVT', 'BOUDH', 'Anchalik Gram Panchayat (Degree) College, Ghantapada', 'PVT_ANC_0198'),
    ('F', 'college', 'PVT', 'GAJAPATI', 'SRI SAI RAMA KRISHNA DEGREE COLLEGE,, UPPALSINGH', 'PVT_SRI_0199'),
    ('F', 'college', 'PVT', 'GAJAPATI', 'Acharya Padman Nayak Memorial Degree College, Gumma', 'PVT_ACH_0200'),
    ('F', 'college', 'PVT', 'GAJAPATI', 'Sri Venketeswar Degree College, Kashinagar', 'PVT_SRI_0201'),
    ('F', 'college', 'PVT', 'GAJAPATI', 'RAJTARA DEGREE COLLEGE, SIDHAMADANGO', 'PVT_RAJ_0202'),
    ('F', 'college', 'PVT', 'GAJAPATI', 'Baba Saheb Ambedkar (Degree) College, Khajuriapada', 'PVT_BAB_0203'),
    ('F', 'college', 'PVT', 'GAJAPATI', 'Laxmikant Pantulu Memorial Science Degree College, Badapada', 'PVT_LAX_0204'),
    ('F', 'college', 'PVT', 'GAJAPATI', 'Dr. B.R. Ambedkar National (Degree) College, Ramagiri', 'PVT_DRB_0205'),
    ('F', 'college', 'PVT', 'GAJAPATI', 'Parsuram Degree College, Sebakpur', 'PVT_PAR_0206'),
    ('F', 'college', 'PVT', 'GANJAM', 'NABAGHANA NAYAK DEGREE COLLEGE, P NUAGAON', 'PVT_NAB_0207'),
    ('F', 'college', 'PVT', 'GANJAM', 'Saraswati Degree Vidya Mandir, Neelakantha Nagar, Berhampur', 'PVT_SAR_0208'),
    ('F', 'college', 'PVT', 'GANJAM', 'Sri Aurobindo Institute of Higher Education, Research and Studies, Berhampur', 'PVT_SRI_0209'),
    ('F', 'college', 'PVT', 'GANJAM', 'AARADHYA BUSINESS SCHOOL OF COMPUTER AND MANAGEMENT, BERHAMPUR', 'PVT_AAR_0210'),
    ('F', 'college', 'PVT', 'GANJAM', 'BALUNKESWAR DEGREE COLLEGE, BALLIPADAR', 'PVT_BAL_0211'),
    ('F', 'college', 'PVT', 'GANJAM', 'Pandit Nilakantha Utkal Academy Degree College, Chhatrapur', 'PVT_PAN_0212'),
    ('F', 'college', 'PVT', 'GANJAM', 'KALAM INSTITUTE OF MANAGEMENT STUDIES, GOVINDAPUR', 'PVT_KAL_0213'),
    ('F', 'college', 'PVT', 'GANJAM', 'Royal Degree College, Dharakote', 'PVT_ROY_0214'),
    ('F', 'college', 'PVT', 'GANJAM', 'Sevananda Saraswati (Degree) Mahavidyalaya, Bamakai', 'PVT_SEV_0215'),
    ('F', 'college', 'PVT', 'GANJAM', 'Yashoda Women''s College, Degree, Ganjam', 'PVT_YAS_0216'),
    ('F', 'college', 'PVT', 'GANJAM', 'Bighnesh Residential Degree College', 'PVT_BIG_0217'),
    ('F', 'college', 'PVT', 'GANJAM', 'Science (Degree) College, Kukudakhandi', 'PVT_SCI_0218'),
    ('F', 'college', 'PVT', 'GANJAM', 'Gayatri Institute of Computer and Management, Hinjilcut', 'PVT_GAY_0219'),
    ('F', 'college', 'PVT', 'GANJAM', 'Shyama Sundar Sankrit Degree College, Khariaguda', 'PVT_SHY_0220'),
    ('F', 'college', 'PVT', 'GANJAM', 'Gangadhar Sahu Science Degree College, Hatiota', 'PVT_GAN_0221'),
    ('F', 'college', 'PVT', 'GANJAM', 'Pallishree (Degree) Mahila Mahavidyalaya, Banaram Chandrapur', 'PVT_PAL_0222'),
    ('F', 'college', 'PVT', 'GANJAM', 'Vedbyash Res. Degree College, Saradhabali, Berhampur', 'PVT_VED_0223'),
    ('F', 'college', 'PVT', 'GANJAM', 'Samrat Degree College, Berhampur', 'PVT_SAM_0224'),
    ('F', 'college', 'PVT', 'GANJAM', 'Biju Patnaik Science College, Badagada', 'PVT_BIJ_0225'),
    ('F', 'college', 'PVT', 'GANJAM', 'Kesaba Panda Degree Womens College, Sorada', 'PVT_KES_0226'),
    ('F', 'college', 'PVT', 'KANDHAMAL', 'K.C. Degree College, Daringibadi', 'PVT_KCD_0227'),
    ('F', 'college', 'PVT', 'KANDHAMAL', 'Sai Smruti College, Daringbadi', 'PVT_SAI_0228'),
    ('F', 'college', 'PVT', 'KANDHAMAL', 'PRAMILA DEVI DEGREE COLLEGE, DARINGBADI', 'PVT_PRA_0229'),
    ('F', 'college', 'PVT', 'KANDHAMAL', 'AMBEDKAR DEGREE COLLEGE, G Udayagiri', 'PVT_AMB_0230'),
    ('F', 'college', 'PVT', 'KANDHAMAL', 'Santh Asharamji Bapu Degree College, Kotagarh', 'PVT_SAN_0231'),
    ('F', 'college', 'PVT', 'KANDHAMAL', 'KB HIST Degree College, Gudari, Phulbani', 'PVT_KBH_0232'),
    ('F', 'college', 'PVT', 'KANDHAMAL', 'BALAJI INSTITUTE OF TECHNOLOGY, PHULBANI', 'PVT_BAL_0233'),
    ('F', 'college', 'PVT', 'KANDHAMAL', 'Sudha Kiran Degree College', 'PVT_SUD_0234'),
    ('F', 'college', 'PVT', 'BARGARH', 'Anchalik Degree College, Paharsirigida', 'PVT_ANC_0235'),
    ('F', 'college', 'PVT', 'BARGARH', 'Santha Kabi Bhima Bhoi Mahima +3 Mahavidyalaya, Chakarkend', 'PVT_SAN_0236'),
    ('F', 'college', 'PVT', 'BARGARH', 'Vikash Degree College, Bargarh', 'PVT_VIK_0237'),
    ('F', 'college', 'PVT', 'BARGARH', 'Katapali +3 College, Katapali (Barpali)', 'PVT_KAT_0238'),
    ('F', 'college', 'PVT', 'BARGARH', 'Jagabandhu Dash Degree Women''s College, Kadalipali', 'PVT_JAG_0239'),
    ('F', 'college', 'PVT', 'BARGARH', 'Imperial Degree College, Vidya Vihar, Chadeigaon', 'PVT_IMP_0240'),
    ('F', 'college', 'PVT', 'BARGARH', 'Shakuntala Bidyadhar Women''s Degree College, Kamgaon', 'PVT_SHA_0241'),
    ('F', 'college', 'PVT', 'BARGARH', 'Saraswati Degree College, Sialkhandahatha', 'PVT_SAR_0242'),
    ('F', 'college', 'PVT', 'BARGARH', 'Bhima Bhoi Degree College, Katapali', 'PVT_BHI_0243'),
    ('F', 'college', 'PVT', 'BARGARH', 'Birendra Kumar College +3, Kathaumal', 'PVT_BIR_0244'),
    ('F', 'college', 'PVT', 'BARGARH', 'Jayadev Institute of Science & Technology, Padampur', 'PVT_JAY_0245'),
    ('F', 'college', 'PVT', 'BARGARH', 'Jamla Degree College, Jamla', 'PVT_JAM_0246'),
    ('F', 'college', 'PVT', 'BARGARH', 'Zenith Degree College, Jhankarpali, Padampur', 'PVT_ZEN_0247'),
    ('F', 'college', 'PVT', 'BALANGIR', 'Yuvodaya College of Advanced Technology, Sakma', 'PVT_YUV_0248'),
    ('F', 'college', 'PVT', 'BALANGIR', 'Nice College of Commerce, Bolangir', 'PVT_NIC_0249'),
    ('F', 'college', 'PVT', 'BALANGIR', 'JSM Commerce Degree College, Bolangir', 'PVT_JSM_0250'),
    ('F', 'college', 'PVT', 'BALANGIR', 'Pravati Rath Womens Degree College, Bangomunda', 'PVT_PRA_0251'),
    ('F', 'college', 'PVT', 'BALANGIR', 'Beenapani (Degree) College, Dhumabhata', 'PVT_BEE_0252'),
    ('F', 'college', 'PVT', 'BALANGIR', 'Jay Maa Patneswari Degree College, Panchchhak', 'PVT_JAY_0253'),
    ('F', 'college', 'PVT', 'BALANGIR', 'Siddhi Binayak Degree College, Samaleswari Nagar, Patnagarh', 'PVT_SID_0254'),
    ('F', 'college', 'PVT', 'BALANGIR', 'Balaji Degree College, NH-26, Sambalpur Road, Bolangir', 'PVT_BAL_0255'),
    ('F', 'college', 'PVT', 'BALANGIR', 'Panchayat (Degree) College, Ghunsar', 'PVT_PAN_0256'),
    ('F', 'college', 'PVT', 'BALANGIR', 'Panchayat Samiti Degree College, Turekela', 'PVT_PAN_0257'),
    ('F', 'college', 'PVT', 'DEOGARH', 'Lalita Ananta Sevashram Mahavidyalaya +3, Nuapada', 'PVT_LAL_0258'),
    ('F', 'college', 'PVT', 'KALAHANDI', 'Saraswati +3 Science (Degree) College, Bhawanipatna', 'PVT_SAR_0259'),
    ('F', 'college', 'PVT', 'KALAHANDI', 'Pragati (Degree) College, Raisingpur, Bhawanipatna', 'PVT_PRA_0260'),
    ('F', 'college', 'PVT', 'KALAHANDI', 'Binayak Degree College, Bhawanipatna', 'PVT_BIN_0261'),
    ('F', 'college', 'PVT', 'KALAHANDI', 'Gayatri Science College, Jaleswar Mandir Road, Bhawanipatna', 'PVT_GAY_0262'),
    ('F', 'college', 'PVT', 'KALAHANDI', 'Shastriji Women''s Degree College, Shaktinagar, Bhawanipatna', 'PVT_SHA_0263'),
    ('F', 'college', 'PVT', 'KALAHANDI', 'Border Degree College, Kankeri', 'PVT_BOR_0264'),
    ('F', 'college', 'PVT', 'KALAHANDI', 'Modern Degree College, Mangalavihar, Dharamgarh', 'PVT_MOD_0265'),
    ('F', 'college', 'PVT', 'KALAHANDI', 'Anchalik Bastarani (Degree) Mahavidyalaya, Sanchergaon', 'PVT_ANC_0266'),
    ('F', 'college', 'PVT', 'KALAHANDI', 'Degree Science College, Mahaling', 'PVT_DEG_0267'),
    ('F', 'college', 'PVT', 'KALAHANDI', 'Panchayat Degree Mahavidyalaya, Badchergaon', 'PVT_PAN_0268'),
    ('F', 'college', 'PVT', 'KALAHANDI', 'Mohan Pyari Nilambar Negi +3 Degree College, Rajpur', 'PVT_MOH_0269'),
    ('F', 'college', 'PVT', 'KALAHANDI', 'Amar +3 Mahavidyalaya, Kusurla', 'PVT_AMA_0270'),
    ('F', 'college', 'PVT', 'KALAHANDI', 'Kousika Baba +3 College, Teresinga', 'PVT_KOU_0271'),
    ('F', 'college', 'PVT', 'KALAHANDI', 'Dhabaleswar Degree College, Mohangiri', 'PVT_DHA_0272'),
    ('F', 'college', 'PVT', 'KALAHANDI', 'Sri Bhuteswar +3 Mahavidyalaya, Muskuti', 'PVT_SRI_0273'),
    ('F', 'college', 'PVT', 'KALAHANDI', 'Maa Manikeswari Degree College, Th Rampur', 'PVT_MAA_0274'),
    ('F', 'college', 'PVT', 'NUAPADA', 'Lochan Jagat Degree College, Karangamal', 'PVT_LOC_0275'),
    ('F', 'college', 'PVT', 'NUAPADA', 'Lokadrusti +3 Science College, Gadramunda, Khariar', 'PVT_LOK_0276'),
    ('F', 'college', 'PVT', 'NUAPADA', 'Khariar Degree Women''s College, Khariar', 'PVT_KHA_0277'),
    ('F', 'college', 'PVT', 'NUAPADA', 'Shree Sai Degree College, Kurumpuri', 'PVT_SHR_0278'),
    ('F', 'college', 'PVT', 'NUAPADA', 'Mahamaya Degree College, Darlimunda', 'PVT_MAH_0279'),
    ('F', 'college', 'PVT', 'SAMBALPUR', 'Vedic College of +3 Science & Commerce, Pabpali, Sason, Sambalpur', 'PVT_VED_0280'),
    ('F', 'college', 'PVT', 'SAMBALPUR', 'Arjuna Degree College, Kadaligarh', 'PVT_ARJ_0281'),
    ('F', 'college', 'PVT', 'SAMBALPUR', 'Surajmal (Degree) College, Rampella', 'PVT_SUR_0282'),
    ('F', 'college', 'PVT', 'SAMBALPUR', 'AIMS College of +3 Science, Pardhiapali, Sambalpur', 'PVT_AIM_0283'),
    ('F', 'college', 'PVT', 'SUBARNAPUR', 'Sri Jagannath (Degree) College, Bausuni', 'PVT_SRI_0284'),
    ('F', 'college', 'PVT', 'SUBARNAPUR', 'Binka Womens Degree College, Binka', 'PVT_BIN_0285'),
    ('F', 'college', 'PVT', 'SUBARNAPUR', 'Anchalik (Degree) College, Subalaya', 'PVT_ANC_0286'),
    ('F', 'college', 'PVT', 'SUBARNAPUR', 'Dunguripali Women''s Degree College, Dunguripali', 'PVT_DUN_0287'),
    ('F', 'college', 'PVT', 'SUBARNAPUR', 'Bishwaprava Degree College, Bahirkhaman', 'PVT_BIS_0288'),
    ('F', 'college', 'PVT', 'SUBARNAPUR', 'Maharshi Buddharam Degree College, Menda', 'PVT_MAH_0289'),
    ('F', 'college', 'PVT', 'SUBARNAPUR', 'Jaloe Degree College, Jaloe', 'PVT_JAL_0290'),
    ('F', 'college', 'PVT', 'SUBARNAPUR', 'Anchalik (Degree) Mahavidyalaya, Sindhol', 'PVT_ANC_0291'),
    ('F', 'college', 'PVT', 'SUBARNAPUR', 'Maa Umadevi Degree College, Kadodar', 'PVT_MAA_0292'),
    ('F', 'college', 'PVT', 'SUBARNAPUR', 'Dr. Ramesh Prasad (Degree) Women''s College, Ulunda', 'PVT_DRR_0293'),
    ('F', 'college', 'PVT', 'SUBARNAPUR', 'Maa Metakani Women''s (Degree) College, Ulunda', 'PVT_MAA_0294'),
    ('F', 'college', 'PVT', 'SUNDARGARH', 'Subodh Ray (Degree) Mahavidyalaya, Bisra', 'PVT_SUB_0295'),
    ('F', 'college', 'PVT', 'SUNDARGARH', 'Arakhita Askara +3 Mahavidyalaya, Tendra', 'PVT_ARA_0296'),
    ('F', 'college', 'PVT', 'SUNDARGARH', 'Gayatri +3 Science College, Mandiakudar, Rourkela', 'PVT_GAY_0297'),
    ('F', 'college', 'PVT', 'SUNDARGARH', 'Om Maa Saraswati Sanskrit (Degree) College, Court Road, Rajgangpur', 'PVT_OMM_0298'),
    ('F', 'college', 'PVT', 'SUNDARGARH', 'Panchayat Samiti (Degree) College, Bhedabahal', 'PVT_PAN_0299'),
    ('F', 'college', 'PVT', 'SUNDARGARH', 'Sabitri Gopal Degree College, Birbira', 'PVT_SAB_0300'),
    ('F', 'college', 'PVT', 'KORAPUT', 'Saheed Laxman Nayak (Degree) Mahavidyalaya, Boipariguda', 'PVT_SAH_0301'),
    ('F', 'college', 'PVT', 'KORAPUT', 'Kishore Chandra (Degree) Mahavidyalaya, Tarabhatta', 'PVT_KIS_0302'),
    ('F', 'college', 'PVT', 'KORAPUT', 'Bhairab Degree Mahavidyalaya, Boriguma', 'PVT_BHA_0303'),
    ('F', 'college', 'PVT', 'KORAPUT', 'Radha Krishna Adivasi (Degree) College, Dashmantpur', 'PVT_RAD_0304'),
    ('F', 'college', 'PVT', 'KORAPUT', 'Royal Degree College, Jeypore', 'PVT_ROY_0305'),
    ('F', 'college', 'PVT', 'KORAPUT', 'Times Degree College, Jeypore', 'PVT_TIM_0306'),
    ('F', 'college', 'PVT', 'KORAPUT', 'JAYA JAGANNATH DEGREE COLLEGE, JEYPORE', 'PVT_JAY_0307'),
    ('F', 'college', 'PVT', 'KORAPUT', 'Vigyan Internation Degree College, Pujariput', 'PVT_VIG_0308'),
    ('F', 'college', 'PVT', 'KORAPUT', 'Maa Santoshi Sanskrit Degree College', 'PVT_MAA_0309'),
    ('F', 'college', 'PVT', 'KORAPUT', 'Lamtaput Degree College, Lamtaput', 'PVT_LAM_0310'),
    ('F', 'college', 'PVT', 'KORAPUT', 'Radha Krishna Degree College, Padwa', 'PVT_RAD_0311'),
    ('F', 'college', 'PVT', 'KORAPUT', 'Aeronautics (Degree) College, Sunabeda', 'PVT_AER_0312'),
    ('F', 'college', 'PVT', 'MALKANGIRI', 'Satyanarayan Degree Science Residential College, Malkangiri', 'PVT_SAT_0313'),
    ('F', 'college', 'PVT', 'MALKANGIRI', 'Ghadai Residential Degree College, Malkangiri', 'PVT_GHA_0314'),
    ('F', 'college', 'PVT', 'MALKANGIRI', 'Utkalmani Gopabandhu (Degree) Mahavidyalya, Mathili', 'PVT_UTK_0315'),
    ('F', 'college', 'PVT', 'MALKANGIRI', 'Dr. Shyama Prasad (Degree) College, M.V- 79', 'PVT_DRS_0316'),
    ('F', 'college', 'PVT', 'NABARANGPUR', 'Alekha Mahima Degree College, Dhodra', 'PVT_ALE_0317'),
    ('F', 'college', 'PVT', 'NABARANGPUR', 'Jjoy Kisan Phillip Memorial Degree College, Kosagumuda', 'PVT_JJO_0318'),
    ('F', 'college', 'PVT', 'NABARANGPUR', 'SMARTGURUKUL DEGREE COLLEGE, NABARANGPUR', 'PVT_SMA_0319'),
    ('F', 'college', 'PVT', 'NABARANGPUR', 'Bidyarthi Degree College', 'PVT_BID_0320'),
    ('F', 'college', 'PVT', 'NABARANGPUR', 'Bidyaniketan Degree College, Nabarangpur', 'PVT_BID_0321'),
    ('F', 'college', 'PVT', 'NABARANGPUR', 'Hingula Sanskrit Mahavidyalaya', 'PVT_HIN_0322'),
    ('F', 'college', 'PVT', 'NABARANGPUR', 'Odisha Pachua Anchala Degree College, Papadahandi', 'PVT_ODI_0323'),
    ('F', 'college', 'PVT', 'NABARANGPUR', 'Gurukrupa Degree College, Raighar', 'PVT_GUR_0324'),
    ('F', 'college', 'PVT', 'NABARANGPUR', 'G.K. Science Degree College, Umerkote', 'PVT_GKS_0325'),
    ('F', 'college', 'PVT', 'RAYAGADA', 'Regional (Degree) College, Dambasara', 'PVT_REG_0326'),
    ('F', 'college', 'PVT', 'RAYAGADA', 'Devgiri Degree College, Kalyansingpur', 'PVT_DEV_0327'),
    ('F', 'college', 'PVT', 'RAYAGADA', 'Sri Sri Rameswar Sanskrit Mahavidyalaya', 'PVT_SRI_0328'),
    ('F', 'college', 'PVT', 'RAYAGADA', 'Ayush Degree College, Ramanguda', 'PVT_AYU_0329');


-- =====================================================================
-- ANNEXURE G: STATE PUBLIC UNIVERSITIES (17 records)
-- =====================================================================
INSERT INTO hed_institution (annexure, branch_code, sub_type_code, district_code, name, code) VALUES

    ('G', 'univ', 'SPU', 'KHURDA', 'Utkal University', 'SPU_UTK_0000'),
    ('G', 'univ', 'SPU', 'KHURDA', 'Berhampur University', 'SPU_BER_0001'),
    ('G', 'univ', 'SPU', 'SAMBALPUR', 'Sambalpur University', 'SPU_SAM_0002'),
    ('G', 'univ', 'SPU', 'CUTTACK', 'Ravenshaw University', 'SPU_RAV_0003'),
    ('G', 'univ', 'SPU', 'MAYURBHANJ', 'Maharaja Sriram Chandra Bhanja Deo University', 'SPU_MAH_0004'),
    ('G', 'univ', 'SPU', 'PURI', 'Shree Jagannath Sanskrit University', 'SPU_SHR_0005'),
    ('G', 'univ', 'SPU', 'BALASORE', 'Fakir Mohan University', 'SPU_FAK_0006'),
    ('G', 'univ', 'SPU', 'KHURDA', 'Rama Devi Women''s University, Bhubaneswar', 'SPU_RAM_0007'),
    ('G', 'univ', 'SPU', 'SAMBALPUR', 'Gangadhar Meher University', 'SPU_GAN_0008'),
    ('G', 'univ', 'SPU', 'KHURDA', 'Khallikote Unitary University', 'SPU_KHA_0009'),
    ('G', 'univ', 'SPU', 'SAMBALPUR', 'Odisha State Open University', 'SPU_ODI_0010'),
    ('G', 'univ', 'SPU', 'CUTTACK', 'Madhusudan Law University', 'SPU_MAD_0011'),
    ('G', 'univ', 'SPU', 'BALANGIR', 'Rajendra University', 'SPU_RAJ_0012'),
    ('G', 'univ', 'SPU', 'KEONJHAR', 'Dharanidhar University', 'SPU_DHA_0013'),
    ('G', 'univ', 'SPU', 'KALAHANDI', 'Maa Manikeshwari University', 'SPU_MAA_0014'),
    ('G', 'univ', 'SPU', 'KORAPUT', 'Vikram Deb University', 'SPU_VIK_0015'),
    ('G', 'univ', 'SPU', 'PURI', 'Odia University', 'SPU_ODI_0016');


-- =====================================================================
-- ANNEXURE H: PRIVATE UNIVERSITIES (7 records)
-- =====================================================================
INSERT INTO hed_institution (annexure, branch_code, sub_type_code, district_code, name, code) VALUES

    ('H', 'univ', 'PU', 'KHURDA', 'Birla Global University', 'PU_BIR_0000'),
    ('H', 'univ', 'PU', 'KHURDA', 'Centurion University of Technology and Management', 'PU_CEN_0001'),
    ('H', 'univ', 'PU', 'CUTTACK', 'Sri Sri University', 'PU_SRI_0002'),
    ('H', 'univ', 'PU', 'KHURDA', 'XIM University, Bhubaneswar', 'PU_XIM_0003'),
    ('H', 'univ', 'PU', 'KHURDA', 'ICFAI University', 'PU_ICF_0004'),
    ('H', 'univ', 'PU', 'KHURDA', 'ASBM University', 'PU_ASB_0005'),
    ('H', 'univ', 'PU', 'CUTTACK', 'Jagadguru Kripalu University', 'PU_JAG_0006');

